id,url,precio,expensas,area_m2,dormitorios,antiguedad,puntaje_arg_prop,imagen_path,image_url,lat,lon,valido_desde,valido_hasta,geometry,index_right,barrio,comuna,ambientes,moneda,tipo_inmueble_departamento,tipo_inmueble_ph
18321061,https://www.argenprop.com/departamento-en-venta-en-almagro-4-ambientes--18321061,138000.0,0.0,75.0,3 dorm.,2.0,300.0,images/18321061.jpg,https://proxy.sosiva451.com/proxy/9CD8DEE9551317FBAC87FA2F8E77F33E6B68578A2974E39A213F59418821305BCECD5405ABF9629EA8AB84730EA7D64C0717885EB25A2970F41A8F32B90AA46159AF218E679D81CE580FC43F848FCAB96BA04A9307FAC4DCF5B82D137924E9B8,-34.60299,-58.42835,2026-01-17 23:35:33.069013,,POINT (-6504214.1698911665 -4110059.1030857675),1.0,Almagro,5.0,4,usd,True,False
18876686,https://www.argenprop.com/ph-en-venta-en-almagro-3-ambientes--18876686,120000.0,70000.0,65.0,2 dorm.,44.0,0.0,images/18876686.jpg,https://proxy.sosiva451.com/proxy/04F7227B7F8E0737F83DEB6F38A8B33D559EB75A1626AFAAE67E8F4D1AD102E8F6EF59C48C48FB597A0C8E14441F8932D0ECF9DB84CEA98E639B7DC3EEBEFCA2499CAAA4030F7E10F82E63FE1BA896BE92AE9A0AC83B1486DA14E77768B772386CB465F6BACBBDA6E48A4F4F5D4AA615258E7B640EFB081E75AD4FC350D6231A8AEE62718DB09DC45115E27AE382E53E6EA6950FEC7B160FDA7A433710346DE6,-34.6069,-58.43019,2026-01-17 23:35:36.505314,,POINT (-6504418.9977542255 -4110587.915982172),1.0,Almagro,5.0,3,usd,False,True
17544381,https://www.argenprop.com/ph-en-venta-en-parque-chacabuco-3-ambientes--17544381,119900.0,0.0,56.0,2 dorm.,51.0,1.0,images/17544381.jpg,https://proxy.sosiva451.com/proxy/06B36EB2E758CB856895F67F2FBEE12C05640615B3DEEDDE6C879A06BD1DA24D0C6710EBAF9A7E8DE27148448C5B23D29768EBBA660BC27D5E6587DEEEDD6275340ADE77CC28CECDBAC7B05AC2EB7317A913BD5068CABB74F0A45084CE2E58EA,-34.63145,-58.43367,2026-01-17 23:35:37.800641,,POINT (-6504806.389582186 -4113908.781016896),22.0,Parque Chacabuco,7.0,3,usd,False,True
18717308,https://www.argenprop.com/departamento-en-venta-en-almagro-3-ambientes--18717308,149900.0,0.0,71.0,2 dorm.,45.0,50.0,images/18717308.jpg,https://proxy.sosiva451.com/proxy/1A1CDC2866AE4CE7E147FA8C774363C7CB9C9A2B5E8BFF3600F643C58E7ADB913CDFAC7BD77AA2F373F51254B62AF10EA693385906634973407C9A304737F15EE7D9F89576EDC55988B6DA35BBF8F31C0204C75E71D3DF2FC5E341AF8F8680E0,-34.60416,-58.43054,2026-01-17 23:35:45.099038,,POINT (-6504457.959576003 -4110217.3386052917),1.0,Almagro,5.0,3,usd,True,False
17960079,https://www.argenprop.com/departamento-en-venta-en-palermo-3-ambientes--17960079,165000.0,30000.0,80.0,2 dorm.,70.0,1.0,images/17960079.jpg,https://proxy.sosiva451.com/proxy/D5E342263B358CB51493AC3BBE559E499B8B2B28E7226599BD87ABEBAD869837D51EA50BCBB27588C4C3FA8D57E5B40793FEBBDC0644BBF9D08D314938DDD7276B805F42961DDFC71EDC23BD7BB0FCFB408F4F5EDF67D79FEE1A33C0AA01E57F,-34.58921,-58.4192,2026-01-17 23:35:45.761189,,POINT (-6503195.596550407 -4108195.6080138525),20.0,Palermo,14.0,3,usd,True,False
16662274,https://www.argenprop.com/departamento-en-venta-en-caballito-1-ambiente--16662274,82500.0,0.0,29.0,0,35.955882352941174,39999.0,images/16662274.jpg,https://www.argenprop.com/static-content/47226661/3ae0a446-bce1-4c74-8339-6ab01041b7f0_u_small.jpg,-34.60078,-58.45183,2026-01-19 01:57:02.039142,,POINT (-6506827.951534992 -4109760.2198534356),35.0,Villa Crespo,15.0,1,usd,True,False
18336869,https://www.argenprop.com/departamento-en-venta-en-caballito-4-ambientes--18336869,176000.0,228000.0,74.0,3 dorm.,40.0,7622.0,images/18336869.jpg,https://www.argenprop.com/static-content/96863381/13ac59d8-1845-46b4-98fd-f25dc6dd9e24_u_small.jpg,-34.625816,-58.451595,2026-01-19 01:57:07.833450,,POINT (-6506801.791454655 -4113146.586069278),7.0,Caballito,6.0,4,usd,True,False
16008649,https://www.argenprop.com/departamento-en-venta-en-flores-4-ambientes--16008649,149000.0,0.0,95.0,3 dorm.,35.0,6520.0,images/16008649.jpg,https://www.argenprop.com/static-content/94680061/5fed698c-2558-469b-9bc4-414eac7a444f_u_small.jpg,-34.62731,-58.46183,2026-01-19 01:57:09.191801,,POINT (-6507941.146442925 -4113348.6966197584),12.0,Flores,7.0,4,usd,True,False
18301014,https://www.argenprop.com/departamento-en-venta-en-palermo-hollywood-2-ambientes--18301014,157200.0,0.0,43.0,1 dorm.,34.583657587548636,5834.0,images/18301014.jpg,https://www.argenprop.com/static-content/41010381/dca87034-262b-49f9-b29e-3233deed3031_u_small.jpg,-34.57415,-58.43995,2026-01-19 01:57:10.112100,,POINT (-6505505.4759843685 -4106159.3695711493),20.0,Palermo,14.0,2,usd,True,False
18301050,https://www.argenprop.com/departamento-en-venta-en-palermo-hollywood-3-ambientes--18301050,291300.0,0.0,81.0,2 dorm.,34.583657587548636,5834.0,images/18301050.jpg,https://www.argenprop.com/static-content/41010381/cb5b9d8d-ed92-453b-be2e-02dd686473e7_u_small.jpg,-34.57415,-58.43995,2026-01-19 01:57:10.145200,,POINT (-6505505.4759843685 -4106159.3695711493),20.0,Palermo,14.0,3,usd,True,False
18695292,https://www.argenprop.com/ph-en-venta-en-palermo-viejo-3-ambientes--18695292,210000.0,0.0,87.0,2 dorm.,80.0,4508.0,images/18695292.jpg,https://www.argenprop.com/static-content/29259681/647bee4c-db30-4209-bdfb-c9c6f863a151_u_small.jpg,-34.59044,-58.41893,2026-01-19 01:57:14.922036,,POINT (-6503165.540287894 -4108361.930641302),20.0,Palermo,14.0,3,usd,False,True
18549511,https://www.argenprop.com/departamento-en-venta-en-caballito-3-ambientes--18549511,189000.0,200000.0,96.0,2 dorm.,45.0,3700.0,images/18549511.jpg,https://www.argenprop.com/static-content/11594581/0ca10e58-64cb-4964-a0e1-9dd31fed5fd0_u_small.jpg,-34.61919,-58.42964,2026-01-19 01:57:21.056737,,POINT (-6504357.772034289 -4112250.2547528506),7.0,Caballito,6.0,3,usd,True,False
17428862,https://www.argenprop.com/departamento-en-venta-en-almagro-3-ambientes--17428862,119000.0,179000.0,58.0,2 dorm.,38.28260869565217,3600.0,images/17428862.jpg,https://www.argenprop.com/static-content/26882471/1c412884-6db4-4e30-8a54-beb4377fa2c7_u_small.jpg,-34.60426,-58.42748,2026-01-19 01:57:22.125781,,POINT (-6504117.321934176 -4110230.863112085),1.0,Almagro,5.0,3,usd,True,False
17929484,https://www.argenprop.com/departamento-en-venta-en-villa-urquiza-3-ambientes--17929484,120000.0,0.0,47.0,2 dorm.,40.0,3000.0,images/17929484.jpg,https://www.argenprop.com/static-content/48492971/8402341e-4814-4d8d-b1bd-aa938b6331ad_u_small.jpg,-34.56892,-58.47974,2026-01-19 01:57:29.659612,,POINT (-6509934.878523032 -4105452.3159589837),47.0,Villa Urquiza,12.0,3,usd,True,False
18765034,https://www.argenprop.com/departamento-en-venta-en-boedo-2-ambientes--18765034,75000.0,200000.0,41.19,1 dorm.,51.0,2505.0,images/18765034.jpg,https://www.argenprop.com/static-content/43056781/fbb24226-6714-4fe8-8410-af52b338306e_u_small.jpg,-34.62092,-58.41799,2026-01-19 01:57:36.076606,2026-01-31 03:43:48.860406,POINT (-6503060.899966548 -4112484.2733818158),1.0,Almagro,5.0,2,usd,True,False
14554264,https://www.argenprop.com/departamento-en-venta-en-palermo-soho-3-ambientes--14554264,119000.0,245000.0,53.0,2 dorm.,50.0,2500.0,images/14554264.jpg,https://www.argenprop.com/static-content/46245541/0867465a-6508-4dd5-b181-f91604b1fc5a_u_small.jpg,-34.5877,-58.418495,2026-01-19 01:57:38.017498,,POINT (-6503117.116309398 -4107991.4266915163),20.0,Palermo,14.0,3,usd,True,False
12076824,https://www.argenprop.com/departamento-en-venta-en-villa-pueyrredon-3-ambientes--12076824,150000.0,70000.0,55.0,2 dorm.,30.263157894736842,2056.0,images/12076824.jpg,https://www.argenprop.com/static-content/42867021/a3a45d63-c80e-49b9-ae41-8d7c92e7563a_u_small.jpg,-34.591663,-58.507553,2026-01-19 01:57:44.986730,,POINT (-6513031.007520466 -4108527.309158523),37.0,Villa Devoto,11.0,3,usd,True,False
12076822,https://www.argenprop.com/departamento-en-venta-en-villa-pueyrredon-3-ambientes--12076822,180000.0,85000.0,64.0,2 dorm.,30.263157894736842,2055.0,images/12076822.jpg,https://www.argenprop.com/static-content/22867021/969bbd12-803f-4a59-b940-12b07dc8e75b_u_small.jpg,-34.591663,-58.507553,2026-01-19 01:57:45.119024,,POINT (-6513031.007520466 -4108527.309158523),37.0,Villa Devoto,11.0,3,usd,True,False
16687298,https://www.argenprop.com/departamento-en-venta-en-villa-pueyrredon--16687298,154000.0,0.0,71.0,2 dorm.,30.263157894736842,2052.0,images/16687298.jpg,https://www.argenprop.com/static-content/89278661/2d9e9315-2dc7-4076-8a98-931c9956a06e_u_small.jpg,-34.5909,-58.50726,2026-01-19 01:57:45.275921,,POINT (-6512998.390909663 -4108424.1332321484),37.0,Villa Devoto,11.0,3,usd,True,False
18803549,https://www.argenprop.com/ph-en-venta-en-villa-santa-rita-3-ambientes--18803549,124500.0,0.0,42.0,2 dorm.,30.03448275862069,2013.0,images/18803549.jpg,https://www.argenprop.com/static-content/94530881/2103f87e-1167-46d8-a7a9-e85a7f8b855d_u_small.jpg,-34.620167,-58.485428,2026-01-19 01:57:45.935175,,POINT (-6510568.063786664 -4112382.41380677),45.0,Villa Santa Rita,11.0,3,usd,False,True
12983355,https://www.argenprop.com/departamento-en-venta-en-colegiales-1-ambiente--12983355,106240.0,0.0,34.5,0,33.04,2000.0,images/12983355.jpg,https://www.argenprop.com/static-content/55338921/d3ba3b25-e8bb-44a4-b4cb-44714b476ff4_u_small.jpg,-34.58596,-58.44881,2026-01-19 01:57:48.754494,,POINT (-6506491.766672797 -4107756.149504066),8.0,Chacarita,15.0,1,usd,True,False
12983351,https://www.argenprop.com/departamento-en-venta-en-colegiales-1-ambiente--12983351,94720.0,0.0,30.0,0,33.04,2000.0,images/12983351.jpg,https://www.argenprop.com/static-content/15338921/0f63d334-c888-49c9-9ccd-16656bdab423_u_small.jpg,-34.58596,-58.44881,2026-01-19 01:57:48.804809,,POINT (-6506491.766672797 -4107756.149504066),8.0,Chacarita,15.0,1,usd,True,False
17706434,https://www.argenprop.com/departamento-en-venta-en-palermo-3-ambientes--17706434,129000.0,180000.0,67.0,2 dorm.,50.0,2000.0,images/17706434.jpg,https://www.argenprop.com/static-content/43460771/db46c7e3-ef2a-4ffa-b9d6-a18c614ff0ae_u_small.jpg,-34.57437,-58.44108,2026-01-19 01:57:49.027346,,POINT (-6505631.267008964 -4106189.112762943),20.0,Palermo,14.0,3,usd,True,False
17825877,https://www.argenprop.com/departamento-en-venta-en-villa-pueyrredon-3-ambientes--17825877,148000.0,0.0,50.0,2 dorm.,23.866666666666667,2000.0,images/17825877.jpg,https://www.argenprop.com/static-content/77852871/85dbf20c-352a-4f61-9478-6e8e1bd8bb4d_u_small.jpg,-34.58474,-58.50388,2026-01-19 01:57:49.301009,,POINT (-6512622.131030781 -4107591.187977342),42.0,Villa Pueyrredon,12.0,3,usd,True,False
18642255,https://www.argenprop.com/departamento-en-venta-en-flores-2-ambientes--18642255,65000.0,115000.0,40.0,1 dorm.,30.0,1600.0,images/18642255.jpg,https://www.argenprop.com/static-content/55224681/2401a4a8-d33f-452c-8393-a1746c5c44ed_u_small.jpg,-34.62767,-58.46364,2026-01-19 01:58:01.515897,,POINT (-6508142.63472126 -4113397.398501343),12.0,Flores,7.0,2,usd,True,False
17090977,https://www.argenprop.com/departamento-en-venta-en-villa-del-parque-1-ambiente--17090977,76000.0,150000.0,37.0,0,7.0,1501.0,images/17090977.jpg,https://www.argenprop.com/static-content/77909071/441bc979-fbb1-4cf6-886a-8edb9a92b090_u_small.jpg,-34.61036,-58.47973,2026-01-19 01:58:08.748422,,POINT (-6509933.765328124 -4111055.8888271786),45.0,Villa Santa Rita,11.0,1,usd,True,False
18781568,https://www.argenprop.com/departamento-en-venta-en-palermo-4-ambientes--18781568,245000.0,297494.0,126.0,3 dorm.,45.0,1500.0,images/18781568.jpg,https://www.argenprop.com/static-content/86518781/075dc5b7-3c10-489c-82e0-4a6ef539b402_u_small.jpg,-34.5867,-58.41441,2026-01-19 01:58:12.855903,,POINT (-6502662.376189508 -4107856.209315043),20.0,Palermo,14.0,4,usd,True,False
18853187,https://www.argenprop.com/departamento-en-venta-en-flores-3-ambientes--18853187,149900.0,0.0,68.9,2 dorm.,30.0,1375.0,images/18853187.jpg,https://www.argenprop.com/static-content/78135881/865ef960-f5a5-43a4-bd2d-09673d8a9bcf_u_small.jpg,-34.62766,-58.46367,2026-01-19 01:58:20.131157,2026-01-31 05:04:58.825129,POINT (-6508145.974305984 -4113396.045668445),12.0,Flores,7.0,3,usd,True,False
18803601,https://www.argenprop.com/ph-en-venta-en-floresta-3-ambientes--18803601,124500.0,0.0,42.0,2 dorm.,30.03448275862069,1303.0,images/18803601.jpg,https://www.argenprop.com/static-content/10630881/32b0c705-56c0-4673-8c43-3aaf2721ac4c_u_small.jpg,-34.620167,-58.485428,2026-01-19 01:58:23.378168,,POINT (-6510568.063786664 -4112382.41380677),45.0,Villa Santa Rita,11.0,3,usd,False,True
18809998,https://www.argenprop.com/departamento-en-venta-en-flores-4-ambientes--18809998,170000.0,215000.0,85.0,3 dorm.,45.0,1300.0,images/18809998.jpg,https://www.argenprop.com/static-content/89990881/e6b65335-3864-45b6-99df-2c69d445481d_u_small.jpg,-34.631485,-58.462685,2026-01-19 01:58:25.765661,,POINT (-6508036.324607552 -4113913.516149057),12.0,Flores,7.0,4,usd,True,False
16269658,https://www.argenprop.com/departamento-en-venta-en-palermo-2-ambientes--16269658,196397.0,136770.0,38.0,1 dorm.,34.583657587548636,1200.0,images/16269658.jpg,https://www.argenprop.com/static-content/85696261/46ce9e30-cd93-4a2b-838c-d45cde39e4fe_u_small.jpg,-34.5882,-58.4194,2026-01-19 01:58:31.952828,,POINT (-6503217.860448565 -4108059.03598999),20.0,Palermo,14.0,2,usd,True,False
16269746,https://www.argenprop.com/departamento-en-venta-en-palermo-2-ambientes--16269746,204106.0,145620.0,41.0,1 dorm.,34.583657587548636,1200.0,images/16269746.jpg,https://www.argenprop.com/static-content/64796261/19250ad5-d59b-447e-ab55-3fcad9cb0553_u_small.jpg,-34.5882,-58.4194,2026-01-19 01:58:32.018775,,POINT (-6503217.860448565 -4108059.03598999),20.0,Palermo,14.0,2,usd,True,False
18825657,https://www.argenprop.com/departamento-en-venta-en-villa-lugano-1-ambiente--18825657,20000.0,0.0,30.32,1 dorm.,39.0,0.0,images/18825657.jpg,https://www.argenprop.com/static-content/75652881/8139fe5e-acb8-4350-97eb-fa38d4afbf40_u_small.jpg,-34.67649,-58.48977,2026-01-19 22:19:28.444491,,POINT (-6511051.41301569 -4120003.873756249),39.0,Villa Lugano,8.0,2,usd,True,False
18471891,https://www.argenprop.com/departamento-en-venta-en-constitucion-1-ambiente--18471891,22000.0,0.0,34.0,0,108.51079136690647,0.0,images/18471891.jpg,https://www.argenprop.com/static-content/19817481/37795a81-762b-4bc1-b192-758a95a184ae_u_small.jpg,-34.629,-58.386,2026-01-19 22:19:28.654758,,POINT (-6499499.789456071 -4113577.32672969),11.0,Constitucion,1.0,1,usd,True,False
18471949,https://www.argenprop.com/departamento-en-venta-en-constitucion-2-ambientes--18471949,29000.0,0.0,46.0,1 dorm.,108.51079136690647,0.0,images/18471949.jpg,https://www.argenprop.com/static-content/94917481/f7fadeaa-c655-4c8d-b749-90cbdfedc8e9_u_small.jpg,-34.629,-58.386,2026-01-19 22:19:33.806039,,POINT (-6499499.789456071 -4113577.32672969),11.0,Constitucion,1.0,2,usd,True,False
17644928,https://www.argenprop.com/departamento-en-venta-en-villa-lugano-2-ambientes--17644928,33500.0,28000.0,45.0,1 dorm.,62.24545454545454,0.0,images/17644928.jpg,https://www.argenprop.com/static-content/82944671/a1c08c36-96c3-412b-8eaa-b81b6ebe5f66_u_small.jpg,-34.677536,-58.48841,2026-01-19 22:19:40.318591,,POINT (-6510900.01850821 -4120145.4643443357),39.0,Villa Lugano,8.0,2,usd,True,False
12488494,https://www.argenprop.com/departamento-en-venta-en-villa-lugano-3-ambientes--12488494,35000.0,0.0,49.0,2 dorm.,50.0,203.0,images/12488494.jpg,https://www.argenprop.com/static-content/49488421/d5325393-8c0c-4baf-8a65-ac853b59a90a_u_small.jpg,-34.688,-58.46072,2026-01-19 22:19:42.966502,,POINT (-6507817.581808144 -4121562.010128627),39.0,Villa Lugano,8.0,3,usd,True,False
18603652,https://www.argenprop.com/departamento-en-venta-en-villa-lugano-2-ambientes--18603652,35000.0,37000.0,40.0,1 dorm.,15.0,1.0,images/18603652.jpg,https://www.argenprop.com/static-content/25630681/afabd821-b430-4f42-b449-2ea714096ead_u_small.jpg,-34.67753,-58.48872,2026-01-19 22:19:43.568060,,POINT (-6510934.5275503555 -4120144.6521561304),39.0,Villa Lugano,8.0,2,usd,True,False
17694719,https://www.argenprop.com/departamento-en-venta-en-villa-lugano-2-ambientes--17694719,35000.0,0.0,36.0,1 dorm.,62.24545454545454,2.0,images/17694719.jpg,https://www.argenprop.com/static-content/91749671/95312293-1d46-439d-954e-a8e6e54eb799_u_small.jpg,-34.67837,-58.48981,2026-01-19 22:19:45.661705,,POINT (-6511055.86579532 -4120258.359077435),39.0,Villa Lugano,8.0,2,usd,True,False
17522691,https://www.argenprop.com/departamento-en-venta-en-mataderos-3-ambientes--17522691,35000.0,0.0,62.0,2 dorm.,62.24545454545454,30.0,images/17522691.jpg,https://www.argenprop.com/static-content/19622571/84f465c3-e930-4609-a8fd-cfa704148e91_u_small.jpg,-34.67843,-58.491684,2026-01-19 22:19:46.722280,,POINT (-6511264.478521068 -4120266.4810445188),39.0,Villa Lugano,8.0,3,usd,True,False
16724113,https://www.argenprop.com/departamento-en-venta-en-villa-lugano-3-ambientes--16724113,35000.0,0.0,45.0,2 dorm.,62.24545454545454,2.0,images/16724113.jpg,https://www.argenprop.com/static-content/31142761/b0a26fef-bb36-4ca5-a01f-32b56c2bca6c_u_small.jpg,-34.676346,-58.48973,2026-01-19 22:19:47.071165,,POINT (-6511046.960236057 -4119984.3815017557),39.0,Villa Lugano,8.0,3,usd,True,False
18133323,https://www.argenprop.com/departamento-en-venta-en-villa-lugano-4-ambientes--18133323,35000.0,0.0,60.0,3 dorm.,30.0,1.0,images/18133323.jpg,https://www.argenprop.com/static-content/32333181/4843f6c3-89cf-4521-beb7-6d557633dab5_u_small.jpg,-34.67725,-58.49039,2026-01-19 22:19:47.565324,,POINT (-6511120.431099981 -4120106.750105327),39.0,Villa Lugano,8.0,4,usd,True,False
17843973,https://www.argenprop.com/departamento-en-venta-en-paternal-1-ambiente--17843973,36000.0,0.0,18.0,0,22.333333333333332,0.0,images/17843973.jpg,https://www.argenprop.com/static-content/37934871/89708de4-ad38-4346-8396-bcd536e1f08f_u_small.jpg,-34.60057,-58.47364,2026-01-19 22:19:52.449597,,POINT (-6509255.829629194 -4109731.819598079),25.0,Paternal,15.0,1,usd,True,False
16331173,https://www.argenprop.com/departamento-en-venta-en-paternal-1-ambiente--16331173,36000.0,0.0,18.0,0,22.333333333333332,1.0,images/16331173.jpg,https://www.argenprop.com/static-content/37113361/9b8a8d0a-f3b2-406c-a6a0-621baba400e4_u_small.jpg,-34.60057,-58.47364,2026-01-19 22:19:53.618485,,POINT (-6509255.829629194 -4109731.819598079),25.0,Paternal,15.0,1,usd,True,False
18363767,https://www.argenprop.com/departamento-en-venta-en-villa-lugano-3-ambientes--18363767,37000.0,35000.0,44.0,2 dorm.,62.24545454545454,5.0,images/18363767.jpg,https://www.argenprop.com/static-content/76736381/77b09b5f-b6aa-42ea-928c-2497cb74ef90_u_small.jpg,-34.67824,-58.49154,2026-01-19 22:19:57.491003,,POINT (-6511248.448514393 -4120240.761502274),39.0,Villa Lugano,8.0,3,usd,True,False
17843969,https://www.argenprop.com/departamento-en-venta-en-paternal-1-ambiente--17843969,38000.0,0.0,19.0,0,22.333333333333332,0.0,images/17843969.jpg,https://www.argenprop.com/static-content/96934871/a9131a94-1a2c-4b75-9d11-d37472485dd6_u_small.jpg,-34.60057,-58.47364,2026-01-19 22:20:01.018536,,POINT (-6509255.829629194 -4109731.819598079),25.0,Paternal,15.0,1,usd,True,False
18280200,https://www.argenprop.com/departamento-en-venta-en-villa-lugano-3-ambientes--18280200,38000.0,0.0,55.0,2 dorm.,62.24545454545454,4.0,images/18280200.jpg,https://www.argenprop.com/static-content/00208281/f30ffcee-c436-4545-a442-f3ecf53153fb_u_small.jpg,-34.67838,-58.49163,2026-01-19 22:20:01.601969,,POINT (-6511258.467268565 -4120259.712738206),39.0,Villa Lugano,8.0,3,usd,True,False
18320151,https://www.argenprop.com/departamento-en-venta-en-villa-lugano-3-ambientes--18320151,38000.0,90000.0,55.0,2 dorm.,60.0,1.0,images/18320151.jpg,https://www.argenprop.com/static-content/15102381/06d7af53-0ddd-4826-a368-c99cfdf989c5_u_small.jpg,-34.68896,-58.46176,2026-01-19 22:20:01.658279,,POINT (-6507933.354078569 -4121691.9774237443),39.0,Villa Lugano,8.0,3,usd,True,False
16331170,https://www.argenprop.com/departamento-en-venta-en-paternal-1-ambiente--16331170,38000.0,0.0,19.0,0,22.333333333333332,1.0,images/16331170.jpg,https://www.argenprop.com/static-content/07113361/3f3bee60-d009-4c79-a6a7-3a177d41c6ac_u_small.jpg,-34.60057,-58.47364,2026-01-19 22:20:01.968495,,POINT (-6509255.829629194 -4109731.819598079),25.0,Paternal,15.0,1,usd,True,False
16097853,https://www.argenprop.com/departamento-en-venta-en-villa-lugano-3-ambientes--16097853,38500.0,0.0,65.0,2 dorm.,62.24545454545454,0.0,images/16097853.jpg,https://www.argenprop.com/static-content/35879061/920fc05f-3c64-4df2-8b22-1abbbf78d655_u_small.jpg,-34.6781,-58.49125,2026-01-19 22:20:02.468470,,POINT (-6511216.165862063 -4120221.810298377),39.0,Villa Lugano,8.0,3,usd,True,False
17843967,https://www.argenprop.com/departamento-en-venta-en-paternal-1-ambiente--17843967,39000.0,0.0,19.0,0,22.333333333333332,0.0,images/17843967.jpg,https://www.argenprop.com/static-content/76934871/2a875dbb-5008-4584-828c-fc9783059775_u_small.jpg,-34.60057,-58.47364,2026-01-19 22:20:03.876316,,POINT (-6509255.829629194 -4109731.819598079),25.0,Paternal,15.0,1,usd,True,False
18362264,https://www.argenprop.com/departamento-en-venta-en-villa-lugano-3-ambientes--18362264,39000.0,0.0,47.0,2 dorm.,62.24545454545454,42.0,images/18362264.jpg,https://www.argenprop.com/static-content/46226381/f40a9725-6f61-4a2d-b83c-ace963fc3ff6_u_small.jpg,-34.67794,-58.49176,2026-01-19 22:20:05.159898,,POINT (-6511272.938802367 -4120200.151818869),39.0,Villa Lugano,8.0,3,usd,True,False
18405822,https://www.argenprop.com/departamento-en-venta-en-villa-lugano-3-ambientes--18405822,39000.0,100000.0,55.0,2 dorm.,50.0,1.0,images/18405822.jpg,https://www.argenprop.com/static-content/22850481/e877232b-c123-44bd-899a-2353ca74b6af_u_small.jpg,-34.68936,-58.462,2026-01-19 22:20:05.297304,,POINT (-6507960.070756361 -4121746.130908219),39.0,Villa Lugano,8.0,3,usd,True,False
18463705,https://www.argenprop.com/departamento-en-venta-en-villa-lugano-3-ambientes--18463705,39000.0,100000.0,49.0,2 dorm.,62.24545454545454,191.0,images/18463705.jpg,https://www.argenprop.com/static-content/50736481/4bf6d63b-60d0-43bc-a5f3-f8c25211079f_u_small.jpg,-34.68476,-58.46485,2026-01-19 22:20:05.652119,,POINT (-6508277.331305119 -4121123.38163437),39.0,Villa Lugano,8.0,3,usd,True,False
16331169,https://www.argenprop.com/departamento-en-venta-en-paternal-1-ambiente--16331169,39000.0,0.0,19.0,0,22.333333333333332,1.0,images/16331169.jpg,https://www.argenprop.com/static-content/96113361/362772a6-e49f-41a1-8dfa-4c66947520cb_u_small.jpg,-34.60057,-58.47364,2026-01-19 22:20:05.778317,,POINT (-6509255.829629194 -4109731.819598079),25.0,Paternal,15.0,1,usd,True,False
17843987,https://www.argenprop.com/departamento-en-venta-en-paternal-1-ambiente--17843987,39500.0,0.0,18.0,0,22.333333333333332,0.0,images/17843987.jpg,https://www.argenprop.com/static-content/78934871/8c33c652-0b61-4f5b-9910-21a593419956_u_small.jpg,-34.60057,-58.47364,2026-01-19 22:20:08.492364,,POINT (-6509255.829629194 -4109731.819598079),25.0,Paternal,15.0,1,usd,True,False
16331180,https://www.argenprop.com/departamento-en-venta-en-paternal-1-ambiente--16331180,39500.0,0.0,18.0,0,22.333333333333332,1.0,images/16331180.jpg,https://www.argenprop.com/static-content/08113361/8882bcd2-8ecb-4163-a3c3-904fc8293b98_u_small.jpg,-34.60057,-58.47364,2026-01-19 22:20:09.148568,,POINT (-6509255.829629194 -4109731.819598079),25.0,Paternal,15.0,1,usd,True,False
18080797,https://www.argenprop.com/ph-en-venta-en-villa-lugano-2-ambientes--18080797,39900.0,0.0,55.0,1 dorm.,60.0,1.0,images/18080797.jpg,https://www.argenprop.com/static-content/79708081/ecb7e765-7e45-4e20-ae89-1bb9b9327d69_u_small.jpg,-34.66655,-58.49054,2026-01-19 22:20:10.101171,,POINT (-6511137.129023599 -4118658.446306984),39.0,Villa Lugano,8.0,2,usd,False,True
18021354,https://www.argenprop.com/ph-en-venta-en-mataderos-3-ambientes--18021354,40000.0,5000.0,37.0,2 dorm.,50.0,301.0,images/18021354.jpg,https://www.argenprop.com/static-content/45312081/554d1765-2bac-4818-99d1-c7869af2a774_u_small.jpg,-34.66832,-58.49417,2026-01-19 22:20:14.719794,2026-01-31 06:23:46.634570,POINT (-6511541.218775179 -4118898.0126199117),15.0,Mataderos,9.0,3,usd,False,True
17843971,https://www.argenprop.com/departamento-en-venta-en-paternal-1-ambiente--17843971,40000.0,0.0,20.0,0,22.333333333333332,0.0,images/17843971.jpg,https://www.argenprop.com/static-content/17934871/eee9aee4-3666-49f2-ad55-1df4822941f0_u_small.jpg,-34.60057,-58.47364,2026-01-19 22:20:17.915940,,POINT (-6509255.829629194 -4109731.819598079),25.0,Paternal,15.0,1,usd,True,False
18181399,https://www.argenprop.com/departamento-en-venta-en-villa-lugano--18181399,40000.0,0.0,40.0,2 dorm.,62.24545454545454,2.0,images/18181399.jpg,https://www.argenprop.com/static-content/99318181/222cf581-c753-47c9-9b85-85aa2772e2e3_u_small.jpg,-34.67769,-58.49159,2026-01-19 22:20:20.665566,,POINT (-6511254.014488933 -4120166.31052841),39.0,Villa Lugano,8.0,3,usd,True,False
18390678,https://www.argenprop.com/departamento-en-venta-en-villa-lugano-4-ambientes--18390678,40000.0,0.0,99.08,3 dorm.,62.24545454545454,0.0,images/18390678.jpg,https://www.argenprop.com/static-content/87609381/1915165d-bdc5-46e4-a929-7c1331fcd251_u_small.jpg,-34.67843,-58.49169,2026-01-19 22:20:21.733234,,POINT (-6511265.146438012 -4120266.4810445188),39.0,Villa Lugano,8.0,4,usd,True,False
16155389,https://www.argenprop.com/departamento-en-venta-en-congreso-1-ambiente--16155389,40000.0,80000.0,40.0,1 dorm.,52.8348623853211,0.0,images/16155389.jpg,https://www.argenprop.com/static-content/98355161/45eb6f6a-33b1-4aab-98a8-7f0f248f1b63_u_small.jpg,-34.60991,-58.38503,2026-01-19 22:20:22.574622,,POINT (-6499391.809550001 -4110995.0242036153),16.0,Monserrat,1.0,2,usd,True,False
16331172,https://www.argenprop.com/departamento-en-venta-en-paternal-1-ambiente--16331172,40000.0,0.0,20.0,0,22.333333333333332,1.0,images/16331172.jpg,https://www.argenprop.com/static-content/27113361/61d62b6c-be6b-4365-a76b-dbe88cfd6882_u_small.jpg,-34.60057,-58.47364,2026-01-19 22:20:22.843909,,POINT (-6509255.829629194 -4109731.819598079),25.0,Paternal,15.0,1,usd,True,False
16468220,https://www.argenprop.com/departamento-en-venta-en-congreso-1-ambiente--16468220,40000.0,90000.0,22.0,0,70.0,1.0,images/16468220.jpg,https://www.argenprop.com/static-content/02286461/3efc5a3f-9a0f-4c5a-a181-ba678dc225d7_u_small.jpg,-34.60991,-58.38503,2026-01-19 22:20:23.001357,,POINT (-6499391.809550001 -4110995.0242036153),16.0,Monserrat,1.0,1,usd,True,False
17843966,https://www.argenprop.com/departamento-en-venta-en-paternal-1-ambiente--17843966,41000.0,0.0,20.0,0,22.333333333333332,0.0,images/17843966.jpg,https://www.argenprop.com/static-content/66934871/34634b5c-631d-410f-8723-52c7c51c5c83_u_small.jpg,-34.60057,-58.47364,2026-01-19 22:20:26.360880,,POINT (-6509255.829629194 -4109731.819598079),25.0,Paternal,15.0,1,usd,True,False
17843994,https://www.argenprop.com/departamento-en-venta-en-paternal-1-ambiente--17843994,41000.0,0.0,18.0,0,22.333333333333332,0.0,images/17843994.jpg,https://www.argenprop.com/static-content/49934871/7855a498-2d30-4a00-8c01-4171eca262ae_u_small.jpg,-34.60057,-58.47364,2026-01-19 22:20:26.489086,,POINT (-6509255.829629194 -4109731.819598079),25.0,Paternal,15.0,1,usd,True,False
17391321,https://www.argenprop.com/departamento-en-venta-en-villa-lugano-3-ambientes--17391321,41000.0,0.0,49.0,2 dorm.,62.24545454545454,2.0,images/17391321.jpg,https://www.argenprop.com/static-content/12319371/97ffccb0-f796-491f-ad26-cdc1bf3cd294_u_small.jpg,-34.684875,-58.46493,2026-01-19 22:20:26.624115,,POINT (-6508286.236864384 -4121138.9499445045),39.0,Villa Lugano,8.0,3,usd,True,False
16331168,https://www.argenprop.com/departamento-en-venta-en-paternal-1-ambiente--16331168,41000.0,0.0,20.0,0,22.333333333333332,1.0,images/16331168.jpg,https://www.argenprop.com/static-content/86113361/da475d38-57d0-4594-8561-a23c5f390d61_u_small.jpg,-34.60057,-58.47364,2026-01-19 22:20:28.036752,,POINT (-6509255.829629194 -4109731.819598079),25.0,Paternal,15.0,1,usd,True,False
16331184,https://www.argenprop.com/departamento-en-venta-en-paternal-1-ambiente--16331184,41000.0,0.0,18.0,0,22.333333333333332,1.0,images/16331184.jpg,https://www.argenprop.com/static-content/48113361/d919e56f-ba91-4d73-8817-1145e15296e8_u_small.jpg,-34.60057,-58.47364,2026-01-19 22:20:28.160849,,POINT (-6509255.829629194 -4109731.819598079),25.0,Paternal,15.0,1,usd,True,False
17843976,https://www.argenprop.com/departamento-en-venta-en-paternal-1-ambiente--17843976,41500.0,0.0,20.0,0,22.333333333333332,0.0,images/17843976.jpg,https://www.argenprop.com/static-content/67934871/3700e355-882c-4c3c-931c-21ca54f43ec4_u_small.jpg,-34.60057,-58.47364,2026-01-19 22:20:29.298129,,POINT (-6509255.829629194 -4109731.819598079),25.0,Paternal,15.0,1,usd,True,False
17843979,https://www.argenprop.com/departamento-en-venta-en-paternal-1-ambiente--17843979,41500.0,0.0,18.0,0,22.333333333333332,0.0,images/17843979.jpg,https://www.argenprop.com/static-content/97934871/16a6e5ea-378c-4096-b3b4-a7c9987bcbb6_u_small.jpg,-34.60057,-58.47364,2026-01-19 22:20:29.450005,,POINT (-6509255.829629194 -4109731.819598079),25.0,Paternal,15.0,1,usd,True,False
16331175,https://www.argenprop.com/departamento-en-venta-en-paternal-1-ambiente--16331175,41500.0,0.0,20.0,0,22.333333333333332,1.0,images/16331175.jpg,https://www.argenprop.com/static-content/57113361/22c7b2ee-32cd-4ce9-b8b9-71513a642a53_u_small.jpg,-34.60057,-58.47364,2026-01-19 22:20:29.755302,,POINT (-6509255.829629194 -4109731.819598079),25.0,Paternal,15.0,1,usd,True,False
16331176,https://www.argenprop.com/departamento-en-venta-en-paternal-1-ambiente--16331176,41500.0,0.0,18.0,0,22.333333333333332,1.0,images/16331176.jpg,https://www.argenprop.com/static-content/67113361/df9ed3dc-aba8-40e7-8b2b-e594fc3947c7_u_small.jpg,-34.60057,-58.47364,2026-01-19 22:20:29.906976,,POINT (-6509255.829629194 -4109731.819598079),25.0,Paternal,15.0,1,usd,True,False
11428339,https://www.argenprop.com/departamento-en-venta-en-villa-lugano-4-ambientes--11428339,42000.0,0.0,65.0,3 dorm.,62.24545454545454,0.0,images/11428339.jpg,https://www.argenprop.com/static-content/93382411/946642b0-18ce-44b8-8ff1-d39ac42b4c26_u_small.jpg,-34.677166,-58.490257,2026-01-19 22:20:31.503384,,POINT (-6511105.625607705 -4120095.379515075),39.0,Villa Lugano,8.0,4,usd,True,False
18747639,https://www.argenprop.com/departamento-en-venta-en-villa-lugano-4-ambientes--18747639,42000.0,30000.0,68.0,3 dorm.,44.0,0.0,images/18747639.jpg,https://www.argenprop.com/static-content/93674781/f401df45-73a6-4208-94d5-7ae00eaa8016_u_small.jpg,-34.67649,-58.48936,2026-01-19 22:20:32.655115,2026-01-31 06:39:09.394612,POINT (-6511005.772024464 -4120003.873756249),39.0,Villa Lugano,8.0,4,usd,True,False
18775694,https://www.argenprop.com/departamento-en-venta-en-villa-lugano-4-ambientes--18775694,42000.0,35000.0,62.0,3 dorm.,50.0,0.0,images/18775694.jpg,https://www.argenprop.com/static-content/49657781/c49b7d18-1712-4ecc-a550-15a5a21b066d_u_small.jpg,-34.677097,-58.49018,2026-01-19 22:20:32.834706,,POINT (-6511097.054006914 -4120086.039395996),39.0,Villa Lugano,8.0,4,usd,True,False
18784698,https://www.argenprop.com/departamento-en-venta-en-villa-lugano-3-ambientes--18784698,42000.0,90000.0,50.0,2 dorm.,46.0,0.0,images/18784698.jpg,https://www.argenprop.com/static-content/89648781/a92deb8d-8952-45ef-a099-4b907539f324_u_small.jpg,-34.68958,-58.46195,2026-01-19 22:20:32.936611,,POINT (-6507954.50478182 -4121775.9154362213),39.0,Villa Lugano,8.0,3,usd,True,False
17529270,https://www.argenprop.com/departamento-en-venta-en-villa-lugano-3-ambientes--17529270,42000.0,0.0,49.0,2 dorm.,62.24545454545454,851.0,images/17529270.jpg,https://www.argenprop.com/static-content/07292571/185e54b3-d9c2-463a-a15f-7abe151ff5af_u_small.jpg,-34.68747,-58.459747,2026-01-19 22:20:33.620598,,POINT (-6507709.267943603 -4121490.257996851),39.0,Villa Lugano,8.0,3,usd,True,False
18187601,https://www.argenprop.com/departamento-en-venta-en-constitucion-1-ambiente--18187601,42000.0,0.0,38.0,0,108.51079136690647,0.0,images/18187601.jpg,https://www.argenprop.com/static-content/10678181/2157a5f1-68d8-4b2e-8094-974947e0ae11_u_small.jpg,-34.629,-58.386,2026-01-19 22:20:34.056542,,POINT (-6499499.789456071 -4113577.32672969),11.0,Constitucion,1.0,1,usd,True,False
18280157,https://www.argenprop.com/departamento-en-venta-en-villa-lugano-4-ambientes--18280157,42000.0,0.0,61.0,3 dorm.,62.24545454545454,4.0,images/18280157.jpg,https://www.argenprop.com/static-content/75108281/a0881ee8-c920-411d-a5ea-c63090e31bbe_u_small.jpg,-34.67838,-58.49163,2026-01-19 22:20:34.265936,,POINT (-6511258.467268565 -4120259.712738206),39.0,Villa Lugano,8.0,4,usd,True,False
17223395,https://www.argenprop.com/departamento-en-venta-en-constitucion-1-ambiente--17223395,42000.0,0.0,38.0,0,108.51079136690647,0.0,images/17223395.jpg,https://www.argenprop.com/static-content/59332271/a3407a15-4b26-4d6b-8803-e9a1c71f2537_u_small.jpg,-34.629,-58.386,2026-01-19 22:20:35.097553,,POINT (-6499499.789456071 -4113577.32672969),11.0,Constitucion,1.0,1,usd,True,False
17237397,https://www.argenprop.com/departamento-en-venta-en-constitucion-1-ambiente--17237397,42000.0,0.0,36.66,0,108.51079136690647,0.0,images/17237397.jpg,https://www.argenprop.com/static-content/79373271/dcc0b370-c7cb-4152-a726-1a66c7ae0c37_u_small.jpg,-34.629,-58.386,2026-01-19 22:20:35.142991,,POINT (-6499499.789456071 -4113577.32672969),11.0,Constitucion,1.0,1,usd,True,False
17237856,https://www.argenprop.com/departamento-en-venta-en-constitucion-1-ambiente--17237856,42000.0,0.0,38.02,0,108.51079136690647,0.0,images/17237856.jpg,https://www.argenprop.com/static-content/65873271/a222f15f-8f96-4bd2-922e-83a567bcdf82_u_small.jpg,-34.629,-58.386,2026-01-19 22:20:35.195593,,POINT (-6499499.789456071 -4113577.32672969),11.0,Constitucion,1.0,1,usd,True,False
17275876,https://www.argenprop.com/departamento-en-venta-en-constitucion-1-ambiente--17275876,42000.0,0.0,39.0,0,108.51079136690647,0.0,images/17275876.jpg,https://www.argenprop.com/static-content/67857271/9c54f672-faaf-45d9-bd8d-ee4ed37fb980_u_small.jpg,-34.629,-58.386,2026-01-19 22:20:35.241817,,POINT (-6499499.789456071 -4113577.32672969),11.0,Constitucion,1.0,1,usd,True,False
17844003,https://www.argenprop.com/departamento-en-venta-en-paternal-1-ambiente--17844003,42500.0,0.0,18.0,0,22.333333333333332,0.0,images/17844003.jpg,https://www.argenprop.com/static-content/30044871/958c5aa7-2da7-417c-b6eb-e1612e02511c_u_small.jpg,-34.60057,-58.47364,2026-01-19 22:20:36.012446,,POINT (-6509255.829629194 -4109731.819598079),25.0,Paternal,15.0,1,usd,True,False
16331188,https://www.argenprop.com/departamento-en-venta-en-paternal-1-ambiente--16331188,42500.0,0.0,18.0,0,22.333333333333332,1.0,images/16331188.jpg,https://www.argenprop.com/static-content/88113361/fc7b430b-e89c-4c90-ac2d-11ebd5a6f63f_u_small.jpg,-34.60057,-58.47364,2026-01-19 22:20:36.275506,,POINT (-6509255.829629194 -4109731.819598079),25.0,Paternal,15.0,1,usd,True,False
18596312,https://www.argenprop.com/departamento-en-venta-en-flores-1-ambiente--18596312,43000.0,110000.0,24.0,0,30.0,0.0,images/18596312.jpg,https://www.argenprop.com/static-content/21369581/3313c2a7-26e8-4786-9d37-51f50cd1c296_u_small.jpg,-34.625935,-58.454506,2026-01-19 22:20:38.132314,,POINT (-6507125.842492356 -4113162.68443355),12.0,Flores,7.0,1,usd,True,False
18047583,https://www.argenprop.com/departamento-en-venta-en-villa-lugano-4-ambientes--18047583,43000.0,0.0,62.0,3 dorm.,62.24545454545454,2.0,images/18047583.jpg,https://www.argenprop.com/static-content/38574081/26a12119-fc14-4082-83e9-594706d2b036_u_small.jpg,-34.67632,-58.48934,2026-01-19 22:20:39.010539,2026-01-31 06:51:16.573269,POINT (-6511003.545634647 -4119980.8620705283),39.0,Villa Lugano,8.0,4,usd,True,False
17237854,https://www.argenprop.com/departamento-en-venta-en-constitucion-1-ambiente--17237854,43000.0,0.0,36.66,0,108.51079136690647,0.0,images/17237854.jpg,https://www.argenprop.com/static-content/45873271/f12de73c-6c6b-4d67-9d87-5f3499272d2e_u_small.jpg,-34.629,-58.386,2026-01-19 22:20:40.726770,,POINT (-6499499.789456071 -4113577.32672969),11.0,Constitucion,1.0,1,usd,True,False
17843985,https://www.argenprop.com/departamento-en-venta-en-paternal-1-ambiente--17843985,43500.0,0.0,20.0,0,22.333333333333332,0.0,images/17843985.jpg,https://www.argenprop.com/static-content/58934871/dbe81bd6-5c84-4ef2-8eae-9f92fcbdb5c8_u_small.jpg,-34.60057,-58.47364,2026-01-19 22:20:41.167194,,POINT (-6509255.829629194 -4109731.819598079),25.0,Paternal,15.0,1,usd,True,False
18095264,https://www.argenprop.com/departamento-en-venta-en-monserrat-1-ambiente--18095264,43500.0,123000.0,25.0,0,50.0,1.0,images/18095264.jpg,https://www.argenprop.com/static-content/46259081/7e6d84e0-025a-4eca-89cf-fdd574fb23f4_u_small.jpg,-34.61914,-58.3867,2026-01-19 22:20:41.225254,,POINT (-6499577.713099626 -4112243.4912811895),11.0,Constitucion,1.0,1,usd,True,False
16331179,https://www.argenprop.com/departamento-en-venta-en-paternal-1-ambiente--16331179,43500.0,0.0,20.0,0,22.333333333333332,1.0,images/16331179.jpg,https://www.argenprop.com/static-content/97113361/1bfe64b3-0fd1-440c-b946-70c54599dd6f_u_small.jpg,-34.60057,-58.47364,2026-01-19 22:20:41.371080,,POINT (-6509255.829629194 -4109731.819598079),25.0,Paternal,15.0,1,usd,True,False
18577605,https://www.argenprop.com/departamento-en-venta-en-villa-lugano-3-ambientes--18577605,44000.0,100000.0,49.95,2 dorm.,47.0,0.0,images/18577605.jpg,https://www.argenprop.com/static-content/50677581/fd36c0ec-7497-4f9e-a3d7-75d1a049644c_u_small.jpg,-34.685,-58.465,2026-01-19 22:20:42.213837,,POINT (-6508294.029228739 -4121155.872045266),39.0,Villa Lugano,8.0,3,usd,True,False
18784786,https://www.argenprop.com/departamento-en-venta-en-san-cristobal-1-ambiente--18784786,44000.0,0.0,17.0,0,38.094339622641506,0.0,images/18784786.jpg,https://www.argenprop.com/static-content/68748781/6f8f3a2d-b572-4b14-92a9-f2d32166f6f2_u_small.jpg,-34.624397,-58.409378,2026-01-19 22:20:42.871721,,POINT (-6502102.216511836 -4112954.6250003874),30.0,San Cristobal,3.0,1,usd,True,False
17761351,https://www.argenprop.com/departamento-en-venta-en-villa-lugano-3-ambientes--17761351,44000.0,0.0,49.0,2 dorm.,62.24545454545454,11.0,images/17761351.jpg,https://www.argenprop.com/static-content/15316771/c3901839-e3d4-455e-a057-485b541fd209_u_small.jpg,-34.684765,-58.46485,2026-01-19 22:20:42.988242,2026-01-31 06:58:33.605108,POINT (-6508277.331305119 -4121124.058516969),39.0,Villa Lugano,8.0,3,usd,True,False
17844006,https://www.argenprop.com/departamento-en-venta-en-paternal-1-ambiente--17844006,44000.0,0.0,18.0,0,22.333333333333332,0.0,images/17844006.jpg,https://www.argenprop.com/static-content/60044871/6327584b-515d-40ae-b0e8-07e6dd843a8c_u_small.jpg,-34.60057,-58.47364,2026-01-19 22:20:43.104615,,POINT (-6509255.829629194 -4109731.819598079),25.0,Paternal,15.0,1,usd,True,False
17501034,https://www.argenprop.com/departamento-en-venta-en-san-cristobal-1-ambiente--17501034,44000.0,0.0,17.0,0,38.094339622641506,0.0,images/17501034.jpg,https://www.argenprop.com/static-content/43010571/927e2b6b-ba20-4cb4-8261-54bc60e755f6_u_small.jpg,-34.624397,-58.409378,2026-01-19 22:20:43.143214,,POINT (-6502102.216511836 -4112954.6250003874),30.0,San Cristobal,3.0,1,usd,True,False
17501035,https://www.argenprop.com/departamento-en-venta-en-san-cristobal-1-ambiente--17501035,44000.0,0.0,17.0,0,38.094339622641506,0.0,images/17501035.jpg,https://www.argenprop.com/static-content/53010571/8403e1b9-000d-4642-b6f2-ca1f812a5445_u_small.jpg,-34.624397,-58.409378,2026-01-19 22:20:43.205501,,POINT (-6502102.216511836 -4112954.6250003874),30.0,San Cristobal,3.0,1,usd,True,False
18367430,https://www.argenprop.com/departamento-en-venta-en-constitucion-1-ambiente--18367430,44000.0,0.0,32.0,0,108.51079136690647,0.0,images/18367430.jpg,https://www.argenprop.com/static-content/03476381/f6b53571-02ee-4153-a0bd-51a451b27a1e_u_small.jpg,-34.629,-58.386,2026-01-19 22:20:43.673381,,POINT (-6499499.789456071 -4113577.32672969),11.0,Constitucion,1.0,1,usd,True,False
16331190,https://www.argenprop.com/departamento-en-venta-en-paternal-1-ambiente--16331190,44000.0,0.0,18.0,0,22.333333333333332,1.0,images/16331190.jpg,https://www.argenprop.com/static-content/09113361/5d3ea338-1eb0-4a14-b39a-448f0a858f64_u_small.jpg,-34.60057,-58.47364,2026-01-19 22:20:43.799000,,POINT (-6509255.829629194 -4109731.819598079),25.0,Paternal,15.0,1,usd,True,False
17237403,https://www.argenprop.com/departamento-en-venta-en-constitucion-1-ambiente--17237403,44000.0,0.0,38.0,0,108.51079136690647,0.0,images/17237403.jpg,https://www.argenprop.com/static-content/30473271/434fc664-71c8-4232-96a6-84b294ddddc7_u_small.jpg,-34.629,-58.386,2026-01-19 22:20:43.894362,,POINT (-6499499.789456071 -4113577.32672969),11.0,Constitucion,1.0,1,usd,True,False
17237407,https://www.argenprop.com/departamento-en-venta-en-constitucion-1-ambiente--17237407,44000.0,0.0,39.0,0,108.51079136690647,0.0,images/17237407.jpg,https://www.argenprop.com/static-content/70473271/5ba96e57-6bfa-40bf-b927-e39897e3b802_u_small.jpg,-34.629,-58.386,2026-01-19 22:20:43.951763,,POINT (-6499499.789456071 -4113577.32672969),11.0,Constitucion,1.0,1,usd,True,False
17237861,https://www.argenprop.com/departamento-en-venta-en-constitucion-1-ambiente--17237861,44000.0,0.0,39.0,0,108.51079136690647,0.0,images/17237861.jpg,https://www.argenprop.com/static-content/16873271/4de74718-0b27-4589-8407-18b33a4a1fd1_u_small.jpg,-34.629,-58.386,2026-01-19 22:20:44.018842,,POINT (-6499499.789456071 -4113577.32672969),11.0,Constitucion,1.0,1,usd,True,False
17239827,https://www.argenprop.com/departamento-en-venta-en-constitucion-1-ambiente--17239827,44000.0,0.0,36.66,0,108.51079136690647,0.0,images/17239827.jpg,https://www.argenprop.com/static-content/72893271/036fb501-c781-4254-8208-c62f84d76910_u_small.jpg,-34.629,-58.386,2026-01-19 22:20:44.080347,,POINT (-6499499.789456071 -4113577.32672969),11.0,Constitucion,1.0,1,usd,True,False
17239836,https://www.argenprop.com/departamento-en-venta-en-constitucion-1-ambiente--17239836,44000.0,0.0,39.0,0,108.51079136690647,0.0,images/17239836.jpg,https://www.argenprop.com/static-content/63893271/84f09900-4b2b-4a4d-a2b4-07f489673dab_u_small.jpg,-34.629,-58.386,2026-01-19 22:20:44.135125,,POINT (-6499499.789456071 -4113577.32672969),11.0,Constitucion,1.0,1,usd,True,False
18833929,https://www.argenprop.com/departamento-en-venta-en-villa-lugano-3-ambientes--18833929,44000.0,60000.0,50.0,2 dorm.,51.0,0.0,images/18833929.jpg,https://www.argenprop.com/static-content/92933881/db162d6b-7216-4e10-886a-39b2ec6685b9_u_small.jpg,-34.68669,-58.4588,2026-01-19 22:20:44.352765,,POINT (-6507603.848385821 -4121384.661355394),39.0,Villa Lugano,8.0,3,usd,True,False
11928228,https://www.argenprop.com/departamento-en-venta-en-flores-sur-2-ambientes--11928228,45000.0,2000.0,38.0,1 dorm.,40.0,1.0,images/11928228.jpg,https://www.argenprop.com/static-content/82282911/95fb8974-7dcf-4830-9dc4-83724f7c0bd7_u_small.jpg,-34.646988,-58.455887,2026-01-19 22:20:47.050218,,POINT (-6507279.57470914 -4116011.105590485),12.0,Flores,7.0,2,usd,True,False
15620637,https://www.argenprop.com/departamento-en-venta-en-villa-lugano-3-ambientes--15620637,45000.0,30000.0,49.0,2 dorm.,62.24545454545454,1.0,images/15620637.jpg,https://www.argenprop.com/static-content/73602651/62db3300-77e5-4178-9285-f9ddc4024155_u_small.jpg,-34.68671,-58.45892,2026-01-19 22:20:47.303205,,POINT (-6507617.206724715 -4121387.3689491563),39.0,Villa Lugano,8.0,3,usd,True,False
15853483,https://www.argenprop.com/departamento-en-venta-en-villa-lugano-3-ambientes--15853483,45000.0,0.0,62.0,2 dorm.,62.24545454545454,0.0,images/15853483.jpg,https://www.argenprop.com/static-content/38435851/32cbde87-52b3-454c-8a5f-4c85f33bea0c_u_small.jpg,-34.68448,-58.460278,2026-01-19 22:20:47.995057,,POINT (-6507768.378593214 -4121085.47627403),39.0,Villa Lugano,8.0,3,usd,True,False
18488453,https://www.argenprop.com/departamento-en-venta-en-villa-lugano-3-ambientes--18488453,45000.0,90000.0,49.0,2 dorm.,50.0,55.0,images/18488453.jpg,https://www.argenprop.com/static-content/35488481/4d084231-3ce4-45f2-989c-0851c2ca31c0_u_small.jpg,-34.68544,-58.46242,2026-01-19 22:20:48.953128,,POINT (-6508006.824942493 -4121215.4380431916),39.0,Villa Lugano,8.0,3,usd,True,False
18748630,https://www.argenprop.com/departamento-en-venta-en-parque-patricios-2-ambientes--18748630,45000.0,122650.0,39.73,1 dorm.,56.0,0.0,images/18748630.jpg,https://www.argenprop.com/static-content/03684781/eb8c2521-f44a-4902-a9d0-babb7b54ba19_u_small.jpg,-34.63163,-58.40609,2026-01-19 22:20:51.632378,2026-01-31 07:13:23.274505,POINT (-6501736.198026108 -4113933.133146447),24.0,Parque Patricios,4.0,2,usd,True,False
17843992,https://www.argenprop.com/departamento-en-venta-en-paternal-1-ambiente--17843992,45000.0,0.0,20.0,0,22.333333333333332,0.0,images/17843992.jpg,https://www.argenprop.com/static-content/29934871/e18493d0-b283-40ec-991c-66a8d6449b99_u_small.jpg,-34.60057,-58.47364,2026-01-19 22:20:54.571546,,POINT (-6509255.829629194 -4109731.819598079),25.0,Paternal,15.0,1,usd,True,False
17673583,https://www.argenprop.com/departamento-en-venta-en-monserrat-1-ambiente--17673583,45000.0,95000.0,20.0,0,46.0,30.0,images/17673583.jpg,https://www.argenprop.com/static-content/38537671/540ba416-c496-4697-9a9b-c3028677a0af_u_small.jpg,-34.60981,-58.38509,2026-01-19 22:20:58.165444,,POINT (-6499398.488719448 -4110981.4987765127),16.0,Monserrat,1.0,1,usd,True,False
18335021,https://www.argenprop.com/departamento-en-venta-en-centro-1-ambiente--18335021,45000.0,110000.0,20.0,0,60.0,501.0,images/18335021.jpg,https://www.argenprop.com/static-content/12053381/e374f1e6-aa41-43c2-b5a4-232684a7d96b_u_small.jpg,-34.60991,-58.38477,2026-01-19 22:21:02.417558,,POINT (-6499362.866482395 -4110995.0242036153),16.0,Monserrat,1.0,1,usd,True,False
18465288,https://www.argenprop.com/departamento-en-venta-en-monserrat-1-ambiente--18465288,45000.0,80000.0,28.46,0,50.0,0.0,images/18465288.jpg,https://www.argenprop.com/static-content/88256481/0a0aec55-3107-4ecc-b617-3ed7be494ae0_u_small.jpg,-34.61,-58.386,2026-01-19 22:21:03.557830,,POINT (-6499499.789456071 -4111007.197101936),16.0,Monserrat,1.0,1,usd,True,False
18545055,https://www.argenprop.com/departamento-en-venta-en-villa-lugano-2-ambientes--18545055,45000.0,0.0,27.0,1 dorm.,56.0,0.0,images/18545055.jpg,https://www.argenprop.com/static-content/55054581/b35ad9ef-5616-437b-9149-fd5d7c9edcb2_u_small.jpg,-34.69415,-58.46834,2026-01-19 22:21:04.127073,,POINT (-6508665.836327989 -4122394.6392156077),44.0,Villa Riachuelo,8.0,2,usd,True,False
16331183,https://www.argenprop.com/departamento-en-venta-en-paternal-1-ambiente--16331183,45000.0,0.0,20.0,0,22.333333333333332,1.0,images/16331183.jpg,https://www.argenprop.com/static-content/38113361/c9d0cec4-5858-491b-be05-f4bd187b0b71_u_small.jpg,-34.60057,-58.47364,2026-01-19 22:21:05.588569,,POINT (-6509255.829629194 -4109731.819598079),25.0,Paternal,15.0,1,usd,True,False
16467679,https://www.argenprop.com/departamento-en-venta-en-villa-lugano-3-ambientes--16467679,45000.0,60000.0,50.0,2 dorm.,62.24545454545454,2.0,images/16467679.jpg,https://www.argenprop.com/static-content/97676461/d42d634e-6350-4eb9-a991-db8e5e8ebd41_u_small.jpg,-34.689472,-58.46201,2026-01-19 22:21:05.694058,,POINT (-6507961.183951267 -4121761.2939307666),39.0,Villa Lugano,8.0,3,usd,True,False
17238491,https://www.argenprop.com/departamento-en-venta-en-constitucion-1-ambiente--17238491,45000.0,0.0,36.66,0,108.51079136690647,0.0,images/17238491.jpg,https://www.argenprop.com/static-content/19483271/a18ca679-7868-4020-b2b0-2aa38a6203b3_u_small.jpg,-34.629,-58.386,2026-01-19 22:21:06.027390,,POINT (-6499499.789456071 -4113577.32672969),11.0,Constitucion,1.0,1,usd,True,False
17238503,https://www.argenprop.com/departamento-en-venta-en-constitucion-1-ambiente--17238503,45000.0,0.0,38.7,0,108.51079136690647,0.0,images/17238503.jpg,https://www.argenprop.com/static-content/30583271/dab992db-1625-48a3-bddc-a6a6a5d16fd6_u_small.jpg,-34.629,-58.386,2026-01-19 22:21:06.085514,,POINT (-6499499.789456071 -4113577.32672969),11.0,Constitucion,1.0,1,usd,True,False
17501030,https://www.argenprop.com/departamento-en-venta-en-san-cristobal-1-ambiente--17501030,45600.0,0.0,18.0,0,38.094339622641506,0.0,images/17501030.jpg,https://www.argenprop.com/static-content/03010571/885f9f27-bbca-42f7-a4a8-2f1493f7ada1_u_small.jpg,-34.624397,-58.409378,2026-01-19 22:21:08.718691,,POINT (-6502102.216511836 -4112954.6250003874),30.0,San Cristobal,3.0,1,usd,True,False
18776663,https://www.argenprop.com/departamento-en-venta-en-parque-patricios-1-ambiente--18776663,45900.0,150000.0,19.74,0,3.0,0.0,images/18776663.jpg,https://www.argenprop.com/static-content/36667781/1576c7de-508a-4740-91fc-4f2f85ba1ed4_u_small.jpg,-34.6312,-58.40741,2026-01-19 22:21:08.903715,,POINT (-6501883.139753955 -4113874.9587023957),24.0,Parque Patricios,4.0,1,usd,True,False
18103711,https://www.argenprop.com/departamento-en-venta-en-flores-3-ambientes--18103711,46000.0,56000.0,48.0,2 dorm.,38.46762589928058,1.0,images/18103711.jpg,https://www.argenprop.com/static-content/11730181/878fba5c-4929-452d-a1ad-91c8e168dc2d_u_small.jpg,-34.64631,-58.45501,2026-01-19 22:21:10.855697,,POINT (-6507181.947515715 -4115919.3625234817),12.0,Flores,7.0,3,usd,True,False
17238498,https://www.argenprop.com/departamento-en-venta-en-constitucion-1-ambiente--17238498,46000.0,0.0,38.02,0,108.51079136690647,0.0,images/17238498.jpg,https://www.argenprop.com/static-content/89483271/3bc041c6-ad09-4ffa-a358-553e259dfb38_u_small.jpg,-34.629,-58.386,2026-01-19 22:21:11.282932,,POINT (-6499499.789456071 -4113577.32672969),11.0,Constitucion,1.0,1,usd,True,False
17239833,https://www.argenprop.com/departamento-en-venta-en-constitucion-1-ambiente--17239833,46000.0,0.0,38.02,0,108.51079136690647,0.0,images/17239833.jpg,https://www.argenprop.com/static-content/33893271/9f681e7c-1857-4e89-9933-aa9a65b6a095_u_small.jpg,-34.629,-58.386,2026-01-19 22:21:11.343384,,POINT (-6499499.789456071 -4113577.32672969),11.0,Constitucion,1.0,1,usd,True,False
17844001,https://www.argenprop.com/departamento-en-venta-en-paternal-1-ambiente--17844001,46500.0,0.0,20.0,0,22.333333333333332,0.0,images/17844001.jpg,https://www.argenprop.com/static-content/10044871/0caee4a3-d6b5-4d97-8ac6-d08deaac7870_u_small.jpg,-34.60057,-58.47364,2026-01-19 22:21:12.093527,,POINT (-6509255.829629194 -4109731.819598079),25.0,Paternal,15.0,1,usd,True,False
16331187,https://www.argenprop.com/departamento-en-venta-en-paternal-1-ambiente--16331187,46500.0,0.0,20.0,0,22.333333333333332,1.0,images/16331187.jpg,https://www.argenprop.com/static-content/78113361/a9e697e3-c77d-48c2-8fdc-5ba1a401563e_u_small.jpg,-34.60057,-58.47364,2026-01-19 22:21:12.309934,,POINT (-6509255.829629194 -4109731.819598079),25.0,Paternal,15.0,1,usd,True,False
18498639,https://www.argenprop.com/departamento-en-venta-en-san-nicolas-1-ambiente--18498639,47000.0,85000.0,18.0,0,70.0,0.0,images/18498639.jpg,https://www.argenprop.com/static-content/93689481/97852817-2ba0-4073-af6b-ce896127a1f2_u_small.jpg,-34.603836,-58.38577,2026-01-19 22:21:12.983126,,POINT (-6499474.185973188 -4110173.5193151445),31.0,San Nicolas,1.0,1,usd,True,False
17485147,https://www.argenprop.com/departamento-en-venta-en-floresta-2-ambientes--17485147,47000.0,0.0,30.0,1 dorm.,44.26470588235294,50.0,images/17485147.jpg,https://www.argenprop.com/static-content/74158471/cc4dd224-1ed4-4ec4-8290-d3bfbbd5c38e_u_small.jpg,-34.62288,-58.48515,2026-01-19 22:21:14.571114,,POINT (-6510537.116968223 -4112749.4102084157),13.0,Floresta,10.0,2,usd,True,False
18833750,https://www.argenprop.com/departamento-en-venta-en-villa-lugano-3-ambientes--18833750,47000.0,0.0,48.32,2 dorm.,52.0,0.0,images/18833750.jpg,https://www.argenprop.com/static-content/05733881/7f888848-6d12-4d86-abb0-1cfbe035f371_u_small.jpg,-34.6715,-58.48313,2026-01-19 22:21:16.202779,2026-01-31 07:44:34.728453,POINT (-6510312.2515968215 -4119328.4327531084),39.0,Villa Lugano,8.0,3,usd,True,False
16445208,https://www.argenprop.com/departamento-en-venta-en-congreso-1-ambiente--16445208,47500.0,60000.0,25.0,0,30.0,0.0,images/16445208.jpg,https://www.argenprop.com/static-content/80254461/9822e896-39a3-426b-a7ca-9111f562b4aa_u_small.jpg,-34.609776,-58.385033,2026-01-19 22:21:16.941328,,POINT (-6499392.143508473 -4110976.900135009),16.0,Monserrat,1.0,1,usd,True,False
18833816,https://www.argenprop.com/departamento-en-venta-en-villa-lugano-3-ambientes--18833816,47500.0,93000.0,51.26,2 dorm.,48.0,0.0,images/18833816.jpg,https://www.argenprop.com/static-content/61833881/ebfac38f-04ea-49a5-a1d3-3ab765fb596b_u_small.jpg,-34.68742,-58.46234,2026-01-19 22:21:17.004041,,POINT (-6507997.919383229 -4121483.488951529),39.0,Villa Lugano,8.0,3,usd,True,False
18761187,https://www.argenprop.com/departamento-en-venta-en-villa-lugano-3-ambientes--18761187,48000.0,140000.0,49.0,2 dorm.,50.0,0.0,images/18761187.jpg,https://www.argenprop.com/static-content/78116781/efb268db-eed2-48c0-9c47-9c5aba370b2d_u_small.jpg,-34.68858,-58.46157,2026-01-19 22:21:19.581146,2026-01-31 07:50:23.573149,POINT (-6507912.203375318 -4121640.531855869),39.0,Villa Lugano,8.0,3,usd,True,False
17844004,https://www.argenprop.com/departamento-en-venta-en-paternal-1-ambiente--17844004,48000.0,0.0,20.0,0,22.333333333333332,0.0,images/17844004.jpg,https://www.argenprop.com/static-content/40044871/c953d752-4413-4a88-b3f4-2677dd78bf90_u_small.jpg,-34.60057,-58.47364,2026-01-19 22:21:19.964660,,POINT (-6509255.829629194 -4109731.819598079),25.0,Paternal,15.0,1,usd,True,False
18049077,https://www.argenprop.com/departamento-en-venta-en-villa-lugano-3-ambientes--18049077,48000.0,0.0,53.0,1 dorm.,62.24545454545454,734.0,images/18049077.jpg,https://www.argenprop.com/static-content/77094081/e79cbe8c-cc0a-4b66-812b-ece291bf2dfd_u_small.jpg,-34.684002,-58.468395,2026-01-19 22:21:20.411786,,POINT (-6508671.958899983 -4121020.766705096),39.0,Villa Lugano,8.0,2,usd,True,False
16083295,https://www.argenprop.com/departamento-en-venta-en-villa-lugano-3-ambientes--16083295,48000.0,40000.0,49.0,2 dorm.,60.0,1.0,images/16083295.jpg,https://www.argenprop.com/static-content/59238061/176f2f1e-9c55-407e-9689-1d0c748f8baa_u_small.jpg,-34.68702,-58.4622,2026-01-19 22:21:22.553665,,POINT (-6507982.3346545175 -4121429.336736126),39.0,Villa Lugano,8.0,3,usd,True,False
16331189,https://www.argenprop.com/departamento-en-venta-en-paternal-1-ambiente--16331189,48000.0,0.0,20.0,0,22.333333333333332,1.0,images/16331189.jpg,https://www.argenprop.com/static-content/98113361/b632a52d-eedd-4f15-9044-39b91753b31a_u_small.jpg,-34.60057,-58.47364,2026-01-19 22:21:22.634373,,POINT (-6509255.829629194 -4109731.819598079),25.0,Paternal,15.0,1,usd,True,False
17139284,https://www.argenprop.com/departamento-en-venta-en-villa-lugano-4-ambientes--17139284,48000.0,0.0,65.0,3 dorm.,45.0,0.0,images/17139284.jpg,https://www.argenprop.com/static-content/48293171/e27a1034-2917-4d02-ae38-2ce81da4b3f0_u_small.jpg,-34.68795,-58.46014,2026-01-19 22:21:22.794322,,POINT (-6507753.016503485 -4121555.241039967),39.0,Villa Lugano,8.0,4,usd,True,False
18140758,https://www.argenprop.com/departamento-en-venta-en-villa-lugano-3-ambientes--18140758,48000.0,100000.0,50.0,2 dorm.,46.0,0.0,images/18140758.jpg,https://www.argenprop.com/static-content/85704181/c13889a0-e537-4b90-9a3e-eb4dc078e698_u_small.jpg,-34.68958,-58.46195,2026-01-19 22:21:24.390039,,POINT (-6507954.50478182 -4121775.9154362213),39.0,Villa Lugano,8.0,3,usd,True,False
18784787,https://www.argenprop.com/departamento-en-venta-en-san-cristobal-1-ambiente--18784787,48300.0,0.0,19.0,0,38.094339622641506,0.0,images/18784787.jpg,https://www.argenprop.com/static-content/78748781/f648fb01-e7ae-4e9e-9286-97eb6b34e705_u_small.jpg,-34.624397,-58.409378,2026-01-19 22:21:24.571229,,POINT (-6502102.216511836 -4112954.6250003874),30.0,San Cristobal,3.0,1,usd,True,False
18784788,https://www.argenprop.com/departamento-en-venta-en-san-cristobal-1-ambiente--18784788,48300.0,0.0,19.0,0,38.094339622641506,0.0,images/18784788.jpg,https://www.argenprop.com/static-content/88748781/800f5b25-297c-4b12-a9dd-289d3b4f891a_u_small.jpg,-34.624397,-58.409378,2026-01-19 22:21:24.626351,,POINT (-6502102.216511836 -4112954.6250003874),30.0,San Cristobal,3.0,1,usd,True,False
18784789,https://www.argenprop.com/departamento-en-venta-en-san-cristobal-1-ambiente--18784789,48300.0,0.0,19.0,0,38.094339622641506,0.0,images/18784789.jpg,https://www.argenprop.com/static-content/98748781/a283b400-1fda-4ac2-a6ca-1dbf00f78e37_u_small.jpg,-34.624397,-58.409378,2026-01-19 22:21:24.684192,,POINT (-6502102.216511836 -4112954.6250003874),30.0,San Cristobal,3.0,1,usd,True,False
18784792,https://www.argenprop.com/departamento-en-venta-en-san-cristobal-1-ambiente--18784792,48300.0,0.0,19.0,0,38.094339622641506,0.0,images/18784792.jpg,https://www.argenprop.com/static-content/29748781/f0a6de49-24de-4bb8-9e13-128300c1ffe2_u_small.jpg,-34.624397,-58.409378,2026-01-19 22:21:24.725656,,POINT (-6502102.216511836 -4112954.6250003874),30.0,San Cristobal,3.0,1,usd,True,False
18784797,https://www.argenprop.com/departamento-en-venta-en-san-cristobal-1-ambiente--18784797,48300.0,0.0,19.0,0,38.094339622641506,0.0,images/18784797.jpg,https://www.argenprop.com/static-content/79748781/b6335517-5b9d-48e4-8ec6-f66028bbc64c_u_small.jpg,-34.624397,-58.409378,2026-01-19 22:21:24.789647,,POINT (-6502102.216511836 -4112954.6250003874),30.0,San Cristobal,3.0,1,usd,True,False
17501036,https://www.argenprop.com/departamento-en-venta-en-san-cristobal-1-ambiente--17501036,48300.0,0.0,19.0,0,38.094339622641506,0.0,images/17501036.jpg,https://www.argenprop.com/static-content/63010571/49712703-c784-47f1-81df-27523836c120_u_small.jpg,-34.624397,-58.409378,2026-01-19 22:21:24.837992,,POINT (-6502102.216511836 -4112954.6250003874),30.0,San Cristobal,3.0,1,usd,True,False
17501037,https://www.argenprop.com/departamento-en-venta-en-san-cristobal-1-ambiente--17501037,48300.0,0.0,19.0,0,38.094339622641506,0.0,images/17501037.jpg,https://www.argenprop.com/static-content/73010571/0e756ef5-c6d4-4c93-ad6a-25f88afac7c2_u_small.jpg,-34.624397,-58.409378,2026-01-19 22:21:24.906990,,POINT (-6502102.216511836 -4112954.6250003874),30.0,San Cristobal,3.0,1,usd,True,False
17501039,https://www.argenprop.com/departamento-en-venta-en-san-cristobal-1-ambiente--17501039,48300.0,0.0,19.0,0,38.094339622641506,0.0,images/17501039.jpg,https://www.argenprop.com/static-content/93010571/11bdfe1b-7531-42a4-90da-4b1ab1930f61_u_small.jpg,-34.624397,-58.409378,2026-01-19 22:21:24.971275,,POINT (-6502102.216511836 -4112954.6250003874),30.0,San Cristobal,3.0,1,usd,True,False
7724949,https://www.argenprop.com/departamento-en-venta-en-villa-lugano-3-ambientes--7724949,49000.0,89000.0,47.0,2 dorm.,40.0,0.0,images/7724949.jpg,https://www.argenprop.com/static-content/9494277/e096f6f7-6ad6-4f21-9e2f-cbc28e22a154_u_small.jpg,-34.6855,-58.46679,2026-01-19 22:21:26.876948,,POINT (-6508493.29111726 -4121223.5607037996),39.0,Villa Lugano,8.0,3,usd,True,False
4387284,https://www.argenprop.com/departamento-en-venta-en-monserrat-1-ambiente--4387284,49000.0,90000.0,22.0,0,40.0,2.0,images/4387284.jpg,https://www.argenprop.com/static-content/4827834/6e9bd5bb-e36c-4f43-87d3-b0817766523c_u_small.jpg,-34.609455,-58.385006,2026-01-19 22:21:26.991266,,POINT (-6499389.1378822215 -4110933.483641868),16.0,Monserrat,1.0,1,usd,True,False
4425519,https://www.argenprop.com/departamento-en-venta-en-centro-1-ambiente--4425519,49000.0,90000.0,22.0,0,40.0,2.0,images/4425519.jpg,https://www.argenprop.com/static-content/9155244/fadeb976-5a1a-49b5-af92-51b96f3af574_u_small.jpg,-34.609455,-58.385006,2026-01-19 22:21:27.048954,,POINT (-6499389.1378822215 -4110933.483641868),16.0,Monserrat,1.0,1,usd,True,False
18512855,https://www.argenprop.com/departamento-en-venta-en-monserrat-1-ambiente--18512855,49000.0,60000.0,28.0,0,60.0,0.0,images/18512855.jpg,https://www.argenprop.com/static-content/55821581/527eb8f2-c79d-4cfb-a8bf-5bc568f9bec2_u_small.jpg,-34.609802,-58.38509,2026-01-19 22:21:28.572769,,POINT (-6499398.488719448 -4110980.416743049),16.0,Monserrat,1.0,1,usd,True,False
18798107,https://www.argenprop.com/departamento-en-venta-en-villa-lugano-4-ambientes--18798107,49000.0,0.0,65.33,3 dorm.,52.0,0.0,images/18798107.jpg,https://www.argenprop.com/static-content/70189781/ad822f94-db6d-4f65-9342-116f1b8401c9_u_small.jpg,-34.6881,-58.46023,2026-01-19 22:21:31.662971,2026-01-31 08:08:06.830008,POINT (-6507763.035257656 -4121575.5483182115),39.0,Villa Lugano,8.0,4,usd,True,False
18784781,https://www.argenprop.com/departamento-en-venta-en-san-cristobal-1-ambiente--18784781,49300.0,0.0,19.0,0,38.094339622641506,0.0,images/18784781.jpg,https://www.argenprop.com/static-content/18748781/0e59ed56-b435-420b-b47b-c08bd006e1e9_u_small.jpg,-34.624397,-58.409378,2026-01-19 22:21:38.438444,,POINT (-6502102.216511836 -4112954.6250003874),30.0,San Cristobal,3.0,1,usd,True,False
17501033,https://www.argenprop.com/departamento-en-venta-en-san-cristobal-1-ambiente--17501033,49300.0,0.0,19.0,0,38.094339622641506,0.0,images/17501033.jpg,https://www.argenprop.com/static-content/33010571/222d4a38-2847-4c64-bafe-5cf8afd673a6_u_small.jpg,-34.624397,-58.409378,2026-01-19 22:21:38.517028,,POINT (-6502102.216511836 -4112954.6250003874),30.0,San Cristobal,3.0,1,usd,True,False
17786727,https://www.argenprop.com/ph-en-venta-en-villa-lugano-2-ambientes--17786727,49500.0,0.0,44.0,1 dorm.,20.0,45.0,images/17786727.jpg,https://www.argenprop.com/static-content/72768771/b7740ecf-bff0-4eeb-8e4d-0c92dba3fef6_u_small.jpg,-34.66774,-58.48693,2026-01-19 22:21:38.677221,,POINT (-6510735.265661836 -4118819.5101004606),39.0,Villa Lugano,8.0,2,usd,False,True
18852693,https://www.argenprop.com/departamento-en-venta-en-villa-lugano-4-ambientes--18852693,49900.0,80000.0,68.65,3 dorm.,55.0,0.0,images/18852693.jpg,https://www.argenprop.com/static-content/39625881/60c186df-0217-4649-bd9f-53fb35c40ab9_u_small.jpg,-34.68812,-58.46088,2026-01-19 22:21:46.403944,,POINT (-6507835.392926672 -4121578.2559580915),39.0,Villa Lugano,8.0,4,usd,True,False
18734438,https://www.argenprop.com/departamento-en-venta-en-monserrat-1-ambiente--18734438,50000.0,120000.0,27.0,1 dorm.,52.8348623853211,0.0,images/18734438.jpg,https://www.argenprop.com/static-content/83443781/66556e8b-d52d-4f5d-af95-71898484ef1e_u_small.jpg,-34.60957,-58.384743,2026-01-19 22:21:59.288229,,POINT (-6499359.860856143 -4110949.037817933),16.0,Monserrat,1.0,2,usd,True,False
16670386,https://www.argenprop.com/departamento-en-venta-en-monserrat-1-ambiente--16670386,50000.0,60000.0,21.0,0,60.0,0.0,images/16670386.jpg,https://www.argenprop.com/static-content/68307661/c5610cb7-ce3d-4063-a91f-e9f62a342f0f_u_small.jpg,-34.609642,-58.385128,2026-01-19 22:22:08.834886,,POINT (-6499402.718860099 -4110958.7760956553),16.0,Monserrat,1.0,1,usd,True,False
18253527,https://www.argenprop.com/departamento-en-venta-en-villa-santa-rita-2-ambientes--18253527,129000.0,0.0,38.0,1 dorm.,30.03448275862069,137.0,images/18253527.jpg,https://proxy.sosiva451.com/proxy/F4C20FA4657B2D8A5321CD83F4B2608BAC9A162A04AF81801D6553D21E63875C036E752AE233616AAEFDC42559DBE203EDF94D37C2E5054FFCBFB5ED0F83E3C34576BFAF0CE1BAC07C09B3CBF5E1257992E30D96185AA9C482917C968927B0EC,-34.61829,-58.48745,2026-01-25 02:46:03.496909,,POINT (-6510793.151797049 -4112128.512886378),45.0,Villa Santa Rita,11.0,2,usd,True,False
18253427,https://www.argenprop.com/departamento-en-venta-en-villa-santa-rita-2-ambientes--18253427,130000.0,0.0,44.0,1 dorm.,30.03448275862069,137.0,images/18253427.jpg,https://proxy.sosiva451.com/proxy/2557176EDDE175B974590E6912071A1473FD62F37FDACF5C487675EFE08D21E5802280168BFEE7301C9F2A3C580D9227DEA0CC19A02686C3A7453C2B3DB95FBFD25F204406860288FE03A9F878D5B879068D283B4AED4705ABF5104EC0E62BA1,-34.61829,-58.48745,2026-01-25 02:46:03.544625,,POINT (-6510793.151797049 -4112128.512886378),45.0,Villa Santa Rita,11.0,2,usd,True,False
18730435,https://www.argenprop.com/ph-en-venta-en-villa-santa-rita-3-ambientes--18730435,140000.0,0.0,39.0,2 dorm.,30.03448275862069,1.0,images/18730435.jpg,https://proxy.sosiva451.com/proxy/5B18B9DD21241B39877CBD0F8E29EC26B277BB3467E66768D190AEB8775BB869F1F423B21044C10F740F7B2F5BF2757BC4FE43186EBA1F4DAA0EEE9B688491AEC9065250C1DE2D9B975DF2542AC935E857D0D42460A2ACEDBEEC6E765B65D974,-34.6191,-58.48682,2026-01-25 02:46:03.644061,,POINT (-6510723.020517849 -4112238.0805067965),45.0,Villa Santa Rita,11.0,3,usd,False,True
17635510,https://www.argenprop.com/ph-en-venta-en-villa-santa-rita-2-ambientes--17635510,130000.0,0.0,44.0,1 dorm.,30.03448275862069,1.0,images/17635510.jpg,https://proxy.sosiva451.com/proxy/66AE171C47F293BBFE68A7188106A46E8C5A3BD0F1B931AC006E4E3008056C0FD035A9FAEEA00A62AC4449C7042CD5E464567D5EC30ED2A084F44677511BC242E528620D78936B59CCAA34461C9C8C6B285F7F51A66206A8FA561F47B79B0812,-34.6191,-58.48682,2026-01-25 02:46:03.703071,,POINT (-6510723.020517849 -4112238.0805067965),45.0,Villa Santa Rita,11.0,2,usd,False,True
18102782,https://www.argenprop.com/ph-en-venta-en-villa-del-parque-2-ambientes--18102782,129000.0,0.0,38.0,1 dorm.,30.03448275862069,1.0,images/18102782.jpg,https://proxy.sosiva451.com/proxy/F7B67517BD3F14C1AFF284D03DA5C7E3A58FFEA31CA0FA0B8EFF5B113F4ADD4949F16B14FDF1334B93C92C80D8C515266433932A9D79142495CA6E7C0D74ACE9BE155327E5DF0CDB3052E88AFF59133EDE6EDDC371FE03717D15FE9D8D4F856B,-34.6191,-58.48682,2026-01-25 02:46:03.911224,,POINT (-6510723.020517849 -4112238.0805067965),45.0,Villa Santa Rita,11.0,2,usd,False,True
18498458,https://www.argenprop.com/departamento-en-venta-en-villa-santa-rita-2-ambientes--18498458,98000.0,0.0,46.0,1 dorm.,0.0,1.0,images/18498458.jpg,https://proxy.sosiva451.com/proxy/E20305F59B2175B47E710FA8DD514335EF31ACFD387DBA8A06CBF457E0444D81E903603C40EEA9893300B5F98A05674868BE9DA61A11F2781EA928EBF19947A2F5CE152FCEDFA2211D0F0E65E1D86ED144B945DEFF08D5D8B9FC3057F6EBCEEC,-34.61074,-58.48018,2026-01-31 00:41:49.308249,,POINT (-6509983.859098981 -4111107.2858773223),45.0,Villa Santa Rita,11.0,2,usd,True,False
18497300,https://www.argenprop.com/departamento-en-venta-en-villa-santa-rita-2-ambientes--18497300,95000.0,0.0,46.0,1 dorm.,0.0,90.0,images/18497300.jpg,https://proxy.sosiva451.com/proxy/2C93D80275BDCD0A75D45DBDB9C1642FBA709726A99CC8707A37B5912C9FA9BBF6C721BE3A5BDF372512F96A55DD1262B7F8DE0AF6BFB7C102FB04A3F04793CBF22516DA1DD3711F10B5C0E5C4F6E0C59FA7B78B1E55EBDBF8BCB5673C6DD088,-34.61074,-58.48018,2026-01-31 00:41:49.324426,,POINT (-6509983.859098981 -4111107.2858773223),45.0,Villa Santa Rita,11.0,2,usd,True,False
