id,url,precio,expensas,area_m2,dormitorios,antiguedad,puntaje_arg_prop,imagen_path,image_url,lat,lon,valido_desde,valido_hasta,index_right,barrio,comuna,ambientes,moneda,tipo_inmueble_departamento,tipo_inmueble_ph
18537921,https://www.argenprop.com/departamento-en-venta-en-belgrano-c-2-ambientes--18537921,190000.0,0.0,49.0,1 dorm.,16.0,0.0,images/18537921.jpg,https://www.argenprop.com/static-content/12973581/7e82e2c1-cf69-4970-8cd0-5239e25cb45c_u_small.jpg,-4103553.0900004366,-6507365.6246755235,2026-01-17 17:32:05.365195,,4.0,Belgrano,13.0,2,usd,True,False
18875522,https://www.argenprop.com/departamento-en-venta-en-villa-pueyrredon-2-ambientes--18875522,57000.0,50000.0,35.0,1 dorm.,23.866666666666667,300.0,,/content/images/listing-camera.svg,-4107038.178887175,-6512034.364119393,2026-01-17 20:55:06.476364,,42.0,Villa Pueyrredon,12.0,2,usd,True,False
18875558,https://www.argenprop.com/ph-en-venta-en-villa-pueyrredon-3-ambientes--18875558,260000.0,0.0,146.0,2 dorm.,48.0,0.0,images/18875558.jpg,https://proxy.sosiva451.com/proxy/6BB1A140692C407F936AF79C21B8A05D0B27BDF99C806F14875FD1CBF7A1986D13A90A84271FFA9070500DEBA171FA8D9DA4335E8D4D3A8527BAB1F6CE9DB89D3CA651CF5C8E50C4756117860232C54F861C93F214FEE3E0C56B6C6781C14EF32DA298B592DFBDCDD2E4FDAF17413D9D6A169072750765CCC79C84122707C2DE7C8126E9F2745EB6A30597F71D063F6848B3EC258043C1BD5BEB11E9C9A443C5,-4108310.5461520962,-6511438.804843649,2026-01-17 23:35:31.380302,,0.0,Agronomia,15.0,3,usd,False,True
18875803,https://www.argenprop.com/departamento-en-venta-en-recoleta-4-ambientes--18875803,280000.0,0.0,129.0,3 dorm.,46.0,0.0,images/18875803.jpg,https://proxy.sosiva451.com/proxy/35CD0CBF39E77F3BE5F736EFC3CF31AA338DDA0562BAFA002321B6166F5E39C42EB314694A32378E3CAB1332BA3CD5BA3227147723CDFF12615FB5E7EC17FB9A5B05870329D61074012F097404EFEB6009323989851D3AFE7DADF92A1566BE8BFAA24367D2A963C3ECB74A4C1677577A5C476EB580F5EEDD1B2FAB7FED6281B3B8C008A3FE541368C067E03BDDD3588DFB261002E84D62C98A3349D19E56B8E9,-4108946.107673919,-6501118.374852206,2026-01-17 23:35:31.711969,,27.0,Recoleta,2.0,4,usd,True,False
18875798,https://www.argenprop.com/ph-en-venta-en-saavedra-4-ambientes--18875798,220000.0,0.0,135.32,3 dorm.,29.0,0.0,images/18875798.jpg,https://proxy.sosiva451.com/proxy/DC6F0762F6082A8DBD5C9BE8FD63795097FF39EBD4821611E38C2D4A4FB6237DA12CC14726588FA0037EB7ECBD7873E5111D62F5ADFFF9800ADE7D1572E0B4E9DEBEE1F10A194838A48301F1BFB9F462ACD446090AC03272A5757DCBC3210B20E02956C7BDDE41331BA0DE8FCEBBD2F5A9F8E12299574639EBD6051C52A5EFF2294E996F29EC63016319ACF6C61CE6A7766F7356FD1D8A547977AD6D158A7A02,-4103628.782548138,-6511030.262312437,2026-01-17 23:35:31.716326,,29.0,Saavedra,12.0,4,usd,False,True
8537298,https://www.argenprop.com/departamento-en-venta-en-microcentro-5-ambientes--8537298,225000.0,420000.0,152.0,4 dorm.,90.0,1.0,images/8537298.jpg,https://proxy.sosiva451.com/proxy/A7ADCC75EE5B7D15F4D288FC15E2105821299AB4C23344989BC55797E3FE84632ADAE1813B16770D230F8975D419B5FF753F18F7BA9D42E682B7AA3DB16B3D4A59D7F3837D2AC5BCCA8E5773EC7EE09811C84374EF054DEBC31DE5045ED75E7C,-4109729.1148155998,-6497845.581822882,2026-01-17 23:35:31.796416,,31.0,San Nicolas,1.0,5,usd,True,False
18875907,https://www.argenprop.com/departamento-en-venta-en-parque-chas-3-ambientes--18875907,194000.0,350000.0,63.0,2 dorm.,19.0,0.0,images/18875907.jpg,https://proxy.sosiva451.com/proxy/D69A8C1A63B1E1167621634ACE36D4B39B51D6DE2146C521817005AA1E34C0D68D40BF6F43FE25878C5D686F79425FEE621A1586D7919E4546AD9978EB702CD05DA900D7ED4983850DA1BA252E71F6A235E837CF3EEFA4FD2D20D2DF5309525005492CB38018424B3FF71D964F976E2E9CA1FAFC23E5432F265F0CD179ACA18135AB053C52F0E0BB349B26B6B2AFB9969BF495481D821E2BCCC7E304DC8396FE,-4107921.113452666,-6510179.781402777,2026-01-17 23:35:31.940104,,23.0,Parque Chas,15.0,3,usd,True,False
18875955,https://www.argenprop.com/departamento-en-venta-en-recoleta-3-ambientes--18875955,420000.0,600000.0,139.09,2 dorm.,31.0,0.0,images/18875955.jpg,https://proxy.sosiva451.com/proxy/93671E94C2481D5F9425BEC0F4D732393467975005A055763520A5981F3FD19A701540D2169EA56866A7DC790763790F17149AB6340FCDBBEF3454BD66C642C60C7327BDABC641D614D8C85D230DB8FF967E7A2129AAADEFBF4E9DC7415FB792B4B83AABFB5DDA4D5467A1FD0541C4B435D5B45428793085E6100A15F9D77F793B7B43BEC575B0D381C28F4BDA6C1B94E69D5F000D0D64607207FA436CDDA8B8,-4107722.3457152345,-6500873.471972459,2026-01-17 23:35:32.321863,,27.0,Recoleta,2.0,3,usd,True,False
18876048,https://www.argenprop.com/departamento-en-venta-en-villa-pueyrredon-2-ambientes--18876048,118281.0,0.0,38.0,1 dorm.,2.0,0.0,images/18876048.jpg,https://proxy.sosiva451.com/proxy/08559B05A22505EA27665C53116128359D62B3EB5717FED6383DEEBE4634241DB519BA68B602B3EA4BC7440180FA639CC5D96A3E2BFCFD16ACA931894503E07A73E97F27C482AE1A7F32F71C2120CDA5741F559EC0B26A6D4C50D9140A3C1DD30492B714DA74BE25FF910AD3CEB3884683E3DEFAD8E4368A16D71D6821B281549A186175ECA8086684577032BE2832A522B91D6DA645EA335FEBBD2EFAF14CE4,-4107738.571521182,-6511950.874501298,2026-01-17 23:35:32.547747,,42.0,Villa Pueyrredon,12.0,2,usd,True,False
18876117,https://www.argenprop.com/departamento-en-venta-en-colegiales-4-ambientes--18876117,475000.0,0.0,129.0,3 dorm.,85.54545454545455,0.0,images/18876117.jpg,https://proxy.sosiva451.com/proxy/57CCA40E0776D9C004CA665C22376CCC45BE99BD4177C27A6A565E3FB3055E49914D04F7EC602B49C07AA06291A8E2EFDE3102CE6EC23A46ACDED1618016DB4903A89EF731082EF28DE4E0383B4D40F220ADBA008C3EA3FFA40C73CE0347302AF4F18F015D6B448DC2A1FC2ADD76D179A88CE87695864016B5AD52E942BB4F4879836C0E00A7B79EEDBFFC602DE6304751F8798CD37BC99E2357CFAC6FEA0B25,-4105810.568922879,-6507347.813556997,2026-01-17 23:35:32.735259,,10.0,Colegiales,13.0,4,usd,True,False
18876125,https://www.argenprop.com/departamento-en-venta-en-colegiales-3-ambientes--18876125,490000.0,0.0,122.0,3 dorm.,85.54545454545455,0.0,images/18876125.jpg,https://proxy.sosiva451.com/proxy/220898FEAF86971B26B051C0CC9944FFE93E9C336F36457D2C0721CD15BE5A7A81BCCDD31B96126FCE663AAA4B816237468ED3D01C33DCEB37613D558973A742C6B71B2B414E0542163D0C01A2E1B54152772A33D96066C2CABD6BCE3EA8231C93FDB64E55ED06C93B092A20B4169D8182F15C1CC1AE6B7D788E4EB1FB2F843A7E20199B661768252B9427D037B6D840F2E15ECE27601BE3ECB6C3BEC5F827FA,-4105810.568922879,-6507347.813556997,2026-01-17 23:35:32.687746,,10.0,Colegiales,13.0,4,usd,True,False
18876118,https://www.argenprop.com/departamento-en-venta-en-colegiales-5-ambientes--18876118,660000.0,0.0,169.0,4 dorm.,85.54545454545455,0.0,images/18876118.jpg,https://proxy.sosiva451.com/proxy/64EDDA98D8F45A3AB197BF3B3C76AF6DDF54530E46CDB56AC72A84EF4DF628984CCCD09F0DDD7AD498B17ECBA167BA045F02B90F964813FE3FFDE8513738334B0BB915AFCF03E159195899EE9CA833E9B21AC48DA7233DEE9F54A8F998DF81BBDD8E98FC46186C62E76EF5FF0E12EAF1515393BC714AF3AE26313B466BF916D49DF46675B21CD0F6F528CCE3EC66B389827E5235227E9872A806E341E47D72D2,-4105810.568922879,-6507347.813556997,2026-01-17 23:35:32.719525,,10.0,Colegiales,13.0,5,usd,True,False
17782906,https://www.argenprop.com/departamento-en-venta-en-recoleta-3-ambientes--17782906,168000.0,248000.0,67.0,2 dorm.,53.764044943820224,12.0,images/17782906.jpg,https://proxy.sosiva451.com/proxy/D1B0E6822107CD1B914683EC14C3AA3F6A8FDAC84DE2E5787B14012F9EFD12005B7240FB625A7258A0DD1DA8EAB24C24C23D9733E9B27AF49FFD4AF2DF10AD025FE6E5513FBF7021BABA7CE11C5AEB5DC1B06888582514611D668B637B855887,-4107603.3571875584,-6500650.832990873,2026-01-17 23:35:33.100692,,27.0,Recoleta,2.0,3,usd,True,False
18876483,https://www.argenprop.com/departamento-en-venta-en-nunez-2-ambientes--18876483,135000.0,0.0,39.1,1 dorm.,11.0,0.0,images/18876483.jpg,https://proxy.sosiva451.com/proxy/F7533148AFED5E1CE0F86AF5EDE3B15AD97EE0FB6BC9E5E05DB7EA80B3543A214AAC3CF124EB76874C41342BAB2561AB6D12EF1FC56CDF185AF899B6BAD0E28FD060A53DAF673CFC8F23801947D6F51361DE0B91F871B6A57DBBC05963E0B2ACF6B0CF8348BCB561F2794C94EB6E9B34A3786B8CACC3D1D53CC3D716EEAD5A3C9493676C89682902C0944CEA74BA99710EE448AD20F6BC39A71D5FE6815417D3,-4103251.6765162437,-6507730.752605326,2026-01-17 23:35:34.260927,,19.0,Nuñez,13.0,2,usd,True,False
18876526,https://www.argenprop.com/departamento-en-venta-en-belgrano-2-ambientes--18876526,87000.0,92000.0,42.0,1 dorm.,62.0,0.0,images/18876526.jpg,https://proxy.sosiva451.com/proxy/A62E5265F2C49B829593C649B434F639B480DCD3657DD3700DAC262E9266E7AC130C732B8F56453F4FF7D9D14F6CAB5C11ACAC564D5921D954ED35F7E326A06F775D3C127501647A09A88C5FBE9C4530836A6C861120151BBEEC4090F596C666EB9BA6F100CB955E624D743C4B2A4CA10CDC03DCBB02BF16B0CEE330F75B702B95438B60DC489A4993C096946A5DD70A9DE1CD8DAED90C65BF6CFBE23BD97532,-4103643.6507870206,-6507844.298485935,2026-01-17 23:35:34.517564,,4.0,Belgrano,13.0,2,usd,True,False
16647445,https://www.argenprop.com/departamento-en-venta-en-belgrano-2-ambientes--16647445,85000.0,110000.0,42.0,1 dorm.,40.0,20.0,images/16647445.jpg,https://proxy.sosiva451.com/proxy/35CD378FA78DC4932BE2CD7EDAFAE540697BFEABC2139FC2689E7F18F0DC78CBD4D15E1E27BF1943A24A6C53723393AB7E472AC7BB117A9B4B179566009150100E97296252704B1496012997C43E6FD5E5D76B75C24EC51A3B370F8D52AD1328,-4105646.9878511736,-6507312.1913199425,2026-01-17 23:35:34.597262,,10.0,Colegiales,13.0,2,usd,True,False
18876496,https://www.argenprop.com/departamento-en-venta-en-saavedra-3-ambientes--18876496,198000.0,202000.0,62.0,2 dorm.,9.0,0.0,images/18876496.jpg,https://proxy.sosiva451.com/proxy/D76CEFB504B09C02082738B62DDF58605777DFA1B6B634B148B0AB9A6387D018268D3CF1256AF29EEA7C37F2E8D9E895EC3036C853F5D95BB70195A98F31D2B44AFFBFD7FF6AC214AE86AE67CB94F2838E9CE0AE963E22D94860E4D848E1BA2E7E7D5DCFC870CFE9305A5FAB8D803415D9099F8F65014924852CEB8BFAB47B85944727691CE2C3A1384B872939E419165ACDC4D2EDB5BF58C014865A7F8EC4D4,-4103588.2329056486,-6511376.465928805,2026-01-17 23:35:34.643078,,29.0,Saavedra,12.0,3,usd,True,False
18771987,https://www.argenprop.com/departamento-en-venta-en-retiro-4-ambientes--18771987,280000.0,450000.0,140.0,3 dorm.,65.0,180.0,images/18771987.jpg,https://proxy.sosiva451.com/proxy/FA56C6EB16BF93A5295CB8E0C2260406B99A058A8F8FBF77149B16C2E50EBD083DA47E7E1722C5F6972B80B6DA74F7B0E0952D4B7F57E1960137056FBFB954CCCA5A54747B956DAEEB94CC88C1A956FAAB15AA579FB7244DE1DA6B11AB56A41F,-4109481.629975052,-6499301.640762459,2026-01-17 23:35:34.787859,,28.0,Retiro,1.0,4,usd,True,False
18876854,https://www.argenprop.com/departamento-en-venta-en-san-nicolas-4-ambientes--18876854,167500.0,250000.0,123.0,3 dorm.,86.0,0.0,images/18876854.jpg,https://proxy.sosiva451.com/proxy/B80F81F18F85DF55D5EDEEBEC07BE6E5889A11169796417BB3CCC8F63985CF41B1E0FDCF4F3D9EFABDAC9CDFAA3BCFF0426FFCD9AB33267117502673F4341920995856918076BA81FC7BAF2B5A16EB45951FCB200B388D816AF624777459FB950EA03801059486A43D4843C5697537320FCFE2C8D0DCAFE4BFBA6C5051EB72655732C893D8759B62E091BF646AFA445B6FFC39194ABC4B62349BF3552AC8F605,-4109953.61397793,-6497639.640764914,2026-01-17 23:35:37.168237,,31.0,San Nicolas,1.0,4,usd,True,False
16300006,https://www.argenprop.com/departamento-en-venta-en-monserrat-4-ambientes--16300006,110000.0,85000.0,116.0,3 dorm.,90.0,2.0,images/16300006.jpg,https://proxy.sosiva451.com/proxy/5E802C2DFC67561393C75CC5DDD6CF5D1060CDFFA891F9A8817CA13C9AC5C47E3BDB7F7AAB676287FF9021F003106CA58239C53477DBC7F56CF477CCEAFE710E42E9FEB25D485507C77CA8EE84BE30D9486DD392F40D3D096A68B9A189F3CB76,-4111254.715563216,-6498801.816248798,2026-01-17 23:35:38.259412,,16.0,Monserrat,1.0,4,usd,True,False
17131035,https://www.argenprop.com/departamento-en-venta-en-monserrat-2-ambientes--17131035,62500.0,240000.0,46.0,1 dorm.,60.0,1.0,images/17131035.jpg,https://proxy.sosiva451.com/proxy/2BD9B682872D7787CBEB5DF6E2D1D4251E026C044B963DBC1D404491D2E04F8E6B5EE394A7EAACFA29876D1A5916B094F0F1A7BC71A0699AD7A480AB74ED3A522318E496FF9F8A4A168D9981BD3A3154BDC4D811DC5D9E5125A6ED72CD2BA1A2,-4110973.3835280715,-6498211.822947592,2026-01-17 23:35:37.531698,,16.0,Monserrat,1.0,2,usd,True,False
17169573,https://www.argenprop.com/departamento-en-venta-en-san-nicolas-6-ambientes--17169573,220000.0,280000.0,172.0,5 dorm.,80.0,100.0,images/17169573.jpg,https://proxy.sosiva451.com/proxy/4790FE49EEEA6858BD668D7964E619C0EA61B4B94B0A40C7789986AB4153D402DB933C70D6633BE186064791704DC7672669BED2ED48F0DEF6EF6E06E38424F31ECC603C35A66630228E424D3B86B3B8954040A58FEA53C358C813A37C7FFC15,-4109945.4994722116,-6497669.697027429,2026-01-17 23:35:37.579551,,31.0,San Nicolas,1.0,6,usd,True,False
18513598,https://www.argenprop.com/ph-en-venta-en-monserrat-12-ambientes--18513598,240000.0,0.0,220.0,11 dorm.,100.0,1.0,images/18513598.jpg,https://proxy.sosiva451.com/proxy/6EE87AB9AE6138A240DD52ADFF7CC2B36696327B7EFC786B066B6EE50F6CFF4075E91D0DBDD2C9631270E4BBA47198322AD287797DB200FF0C7CC078ED8C31EE4AF2808CB178CB16F491C6177144913621C813E679DF0A4CFA0541542820AC30,-4111206.0229758145,-6497951.335339136,2026-01-17 23:35:37.889986,,16.0,Monserrat,1.0,12,usd,False,True
18793370,https://www.argenprop.com/departamento-en-venta-en-monserrat-3-ambientes--18793370,66000.0,130000.0,66.0,2 dorm.,70.0,53.0,images/18793370.jpg,https://proxy.sosiva451.com/proxy/459D7DEC45E74EB1EA3EB6691DDE832CEB4209B26DB9AD031FBA8278FFB4F8B5CFDA8069BB3A99D2C086A7FA310265FAC763EF579139712CF3A0101C47ABA1F23F1D2D481019F56CC8AA7CAE25581A69A6A515683ABD0B8EC841EE962C7E651B,-4111139.7472933587,-6498835.212096035,2026-01-17 23:35:38.068571,2026-01-21 19:42:27.480240,16.0,Monserrat,1.0,3,usd,True,False
18655915,https://www.argenprop.com/departamento-en-venta-en-monserrat-2-ambientes--18655915,53000.0,212000.0,39.0,1 dorm.,50.0,1.0,images/18655915.jpg,https://proxy.sosiva451.com/proxy/14A8130B89034ED0C3C66E5FF761036911EA7438EED72BE8C25934EBB2A42E3B298D00F848FADB32CDBD49C4D7AEF804C54A039180FDC14B12D8050629E5AF983EA9942E1980A7E71C464350E3D5C9621D1324F7107669567A0B3282E9473B78,-4110976.0886102333,-6498431.122344455,2026-01-17 23:35:40.408738,,16.0,Monserrat,1.0,2,usd,True,False
17773851,https://www.argenprop.com/departamento-en-venta-en-recoleta-4-ambientes--17773851,189000.0,340000.0,85.0,3 dorm.,50.0,200.0,images/17773851.jpg,https://proxy.sosiva451.com/proxy/5A69473A859BE59A33430EB1E12845D65DA0EAA88ED11A9D6CA595BCE304824733299F7EBF67D2BE8C22129A2C7A38AED65AC8DC42BF253BB897684A3E140F014DB7EB22EA765BC2958AAE88E18FBF44A89DC5F50AEBA5DA19457ADA46A6C2A9,-4107603.3571875584,-6500650.832990873,2026-01-17 23:35:40.475133,,27.0,Recoleta,2.0,4,usd,True,False
17950568,https://www.argenprop.com/departamento-en-venta-en-villa-pueyrredon-1-ambiente--17950568,72021.0,0.0,38.0,0,23.866666666666667,25.0,images/17950568.jpg,https://proxy.sosiva451.com/proxy/E80E7C90726BB23436F69B548B0E1DB008374AD518C808326F0B0449485C794271CE49E3718656956EF4AE02DA03B2102091EFF7517F8571AAA7F847A805D1456638818E6245F9F1F112791D374986112925F8188B7B00BE48CB19F46D2EC6DC,-4108295.6717385566,-6512792.449851696,2026-01-17 23:35:41.473198,,42.0,Villa Pueyrredon,12.0,1,usd,True,False
18592688,https://www.argenprop.com/departamento-en-venta-en-villa-urquiza-2-ambientes--18592688,139500.0,0.0,48.0,1 dorm.,25.46551724137931,2.0,images/18592688.jpg,https://proxy.sosiva451.com/proxy/9775D214E0C5AE9A3423AD826FF52588D432F81AA0A80CEF9A9D26660FAED1649A526316D36CD1A4804C2D12AF4325781BC8E8C2A8690F1DDA9B5A9ACCF3491D2ED3AD419F10E540DDE69C0A9B402B5BBE7942DDDDEC5BA0DEB2AE491803F8D5,-4106435.1730959048,-6511713.763985909,2026-01-17 23:35:42.011020,,47.0,Villa Urquiza,12.0,2,usd,True,False
18537309,https://www.argenprop.com/departamento-en-venta-en-villa-pueyrredon-3-ambientes--18537309,199000.0,540000.0,66.0,2 dorm.,8.0,500.0,images/18537309.jpg,https://proxy.sosiva451.com/proxy/817AB028B5ED298C50CBDD7A74DED22A253E6032888D476A3AE22FAC8B4EB25A7609068CD3720251DDE98517070EEBE3DC5C3E6460202B0F8593D0B28225D503F6241BD97B0F9D192E84AA9AE53259B2E435693266B720D24F925149A880B62A,-4107144.9927032767,-6513081.880527759,2026-01-17 23:35:42.659256,,42.0,Villa Pueyrredon,12.0,3,usd,True,False
18663678,https://www.argenprop.com/casa-en-venta-en-villa-pueyrredon-4-ambientes--18663678,369000.0,0.0,220.0,3 dorm.,80.0,2.0,images/18663678.jpg,https://proxy.sosiva451.com/proxy/73F7ADEF28B799D10999142E34A22F3112C9A3907DFAFAB15AC9790563BB6AA0A3C4AC6308F48C5E4BB44CC347FD79E0407293BDD6C33B0A3A2774D8047F30F06C74AD6FBA015CF39751267408E8819AA6DF3B1427502B9262BE128179E52082,-4108050.922852693,-6511751.612612779,2026-01-17 23:35:43.582386,,42.0,Villa Pueyrredon,12.0,4,usd,False,False
18517390,https://www.argenprop.com/departamento-en-venta-en-villa-devoto-1-ambiente--18517390,88000.0,85000.0,32.0,0,10.0,513.0,images/18517390.jpg,https://proxy.sosiva451.com/proxy/A98063AE62C88B9C9A1D056950381BDF93747449E166F5D38EF918153FADA578852F9C76D9C093BF77B4CC23DA1428FA4851406B5AF8E943D5660EC1AE11E0FF5C247475A8B5974B6B1735556DCFC49BDED8BFB0390D564F09CB2066CE2A8DF6,-4108732.446809926,-6513469.272355719,2026-01-17 23:35:43.848078,,37.0,Villa Devoto,11.0,1,usd,True,False
18640193,https://www.argenprop.com/departamento-en-venta-en-villa-pueyrredon-4-ambientes--18640193,245000.0,0.0,94.0,3 dorm.,23.866666666666667,10.0,images/18640193.jpg,https://proxy.sosiva451.com/proxy/816F55BF85E2062C30353471675EE2636F380659C9C4AC865E3381DA6DA974048F2BF79272E2E5AFF797A7AE3C054F5695839D9770FA4E7AB34DB041D29D18D661828F6F87FF7ABC7EFA0E6FCB645D50573DF3DD39D4A47B5D064AE50EC2DCAF,-4107818.348741232,-6511808.385553082,2026-01-17 23:35:43.943600,,42.0,Villa Pueyrredon,12.0,4,usd,True,False
18717291,https://www.argenprop.com/departamento-en-venta-en-recoleta-3-ambientes--18717291,125000.0,210000.0,70.0,2 dorm.,70.0,50.0,images/18717291.jpg,https://proxy.sosiva451.com/proxy/81DD1535D0A3BFA0A194CF7ADCDFB41E87A57CA38407B1E5CE2A3D9F3328DEB04E2358D59F167B9704748445846E623B5074BEE6DC680D95F945550E963442BE0F9E34543551CCF13EB5318DA071BE3F9427B9D010A10E288C3058A9AF932B50,-4109422.1262363666,-6499280.490059208,2026-01-17 23:35:44.502199,,28.0,Retiro,1.0,3,usd,True,False
18291787,https://www.argenprop.com/departamento-en-venta-en-monserrat-3-ambientes--18291787,118000.0,222000.0,79.0,2 dorm.,50.0,10.0,images/18291787.jpg,https://proxy.sosiva451.com/proxy/D62A0242F6BE3D74D8263DF202CCBC1CEDFB63CC2515BC1B26AD8BD79F51C489919DD5C052081E4ED04AF3D610E900E19A25CF6C5754811D2041515E89E0F5E6106F2316E3F3B004A628C232ABAD0184E76E65B0454F45BE561358FFAB6205E6,-4111425.141281957,-6498983.26701879,2026-01-17 23:35:44.823804,,16.0,Monserrat,1.0,3,usd,True,False
17699410,https://www.argenprop.com/departamento-en-venta-en-san-nicolas-4-ambientes--17699410,120000.0,300000.0,85.0,3 dorm.,100.0,1.0,images/17699410.jpg,https://proxy.sosiva451.com/proxy/52DCC9084C37275BB6DEFEC62772B9A5DE07CBF3301E916852EFAAF1282A748A06775FC8BB67052566336A2857A4C7E035DBB071D3F36E95C4B17CF4F20B58B3ADD6CEA119D6F5EEB05ADF02B294D64FAFBFD0536A824A7BADD9EBDC08A8F56C,-4110080.7419995843,-6497773.224153867,2026-01-17 23:35:45.051285,,31.0,San Nicolas,1.0,4,usd,True,False
18495906,https://www.argenprop.com/departamento-en-venta-en-san-nicolas-4-ambientes--18495906,99900.0,200000.0,94.0,3 dorm.,30.0,1.0,images/18495906.jpg,https://proxy.sosiva451.com/proxy/3A84B1EEC3E14F344B97E9B262B22BFCCDE454D05E1B24FCC68FC08EC7C17BB79A8D3689F255A3596FEA265AE5600E334D765987DD40737A62B00560C40AE6A3BF838B232141CC0516279B5D45B47902D5425C96EF09FE345EE223ADC73028C8,-4109710.181356483,-6497713.111628839,2026-01-17 23:35:45.782729,,31.0,San Nicolas,1.0,4,usd,True,False
17697676,https://www.argenprop.com/departamento-en-venta-en-villa-del-parque-2-ambientes--17697676,130000.0,0.0,53.0,1 dorm.,30.263157894736842,57.0,images/17697676.jpg,https://proxy.sosiva451.com/proxy/AEA37EB1C7FE3F9E8FD3FCA41E5498AEA716CAB46670D3DC01E192464B48FAD8C6F792B30F53706249E32D8C59CA0D4FBF4EDB8B5136E3286F058758942888BBD9CCA37EC1A90950869875333A93636A80596A9BD373DEAE3E1B63A87F853EC5,-4108560.7096941974,-6513461.479991363,2026-01-17 23:35:45.941913,,37.0,Villa Devoto,11.0,2,usd,True,False
18297466,https://www.argenprop.com/casa-en-venta-en-saavedra-4-ambientes--18297466,385000.0,0.0,187.0,3 dorm.,40.0,730.0,images/18297466.jpg,https://proxy.sosiva451.com/proxy/912E64712B56F4945C6B0D70F9693BF32D809F2D0812FC01C6467E12C4A1EB2CA54F7B1E2BC08E8849AB44806C2A2547AEE7D023F4DC4717663103EFE53216B96DA6A24A7FE2600829770770F630EE41B066DC502628FD76B84324256F62EADA,-4102727.2633416066,-6511798.366798911,2026-01-17 23:35:47.435486,,29.0,Saavedra,12.0,4,usd,False,False
12993408,https://www.argenprop.com/casa-en-venta-en-saavedra-5-ambientes--12993408,550000.0,0.0,303.0,4 dorm.,23.0,1000.0,images/12993408.jpg,https://proxy.sosiva451.com/proxy/1E04295A239FE084CA06FEB0E554B3B6B592D424FFD19C7D18F5FC0B7B72991B265B69D0C39972613E954F414CE92A032F4F78E502F6BCAFC4BF621DBE2733B2EC7437B60D911B926E4B38C1B8F58F35F900AC9081EF1786EFA0154CD456A7C5,-4103163.822088504,-6511801.706383635,2026-01-17 23:35:47.506621,,29.0,Saavedra,12.0,5,usd,False,False
16603905,https://www.argenprop.com/departamento-en-venta-en-microcentro-4-ambientes--16603905,250000.0,7600.0,150.0,3 dorm.,80.0,1.0,images/16603905.jpg,https://proxy.sosiva451.com/proxy/AF8B30F20A8450E7C72C305989A57DC6C388392805D0AB68E6021258385F7306A0A4BEA117535DBEB8666FDB62EC5642C233C0EBAA93D9025ED7DE8F349CF96E40376865C0A2EDEE428FF0A54AB51F886DBA77F6BC732EAF1DC5117B28944A44,-4109931.975309041,-6498076.013168825,2026-01-17 23:35:48.325512,,31.0,San Nicolas,1.0,4,usd,True,False
15605381,https://www.argenprop.com/departamento-en-venta-en-botanico-2-ambientes--15605381,109000.0,150000.0,37.0,1 dorm.,34.583657587548636,22447.0,images/15605381.jpg,https://www.argenprop.com/static-content/18350651/a1b06c19-27be-4c51-b95e-b33d3fbcdf12_u_small.jpg,-4107332.9334014705,-6503517.3098788,2026-01-19 01:57:02.849370,,20.0,Palermo,14.0,2,usd,True,False
18816171,https://www.argenprop.com/departamento-en-venta-en-belgrano-2-ambientes--18816171,77000.0,120000.0,24.0,1 dorm.,34.583657587548636,15422.0,images/18816171.jpg,https://www.argenprop.com/static-content/17161881/1c03f718-f461-49fc-a4c1-73ad7336e9d2_u_small.jpg,-4104937.2628369685,-6505305.100900941,2026-01-19 01:57:03.779238,,20.0,Palermo,14.0,2,usd,True,False
17767788,https://www.argenprop.com/departamento-en-venta-en-villa-urquiza-2-ambientes--17767788,138000.0,0.0,44.0,1 dorm.,25.46551724137931,12020.0,images/17767788.jpg,https://www.argenprop.com/static-content/88776771/b127dee2-2a1f-414f-a5dd-f2ecef864e7e_u_small.jpg,-4106689.3509645453,-6509917.067404505,2026-01-19 01:57:04.392119,,47.0,Villa Urquiza,12.0,2,usd,True,False
17508629,https://www.argenprop.com/departamento-en-venta-en-belgrano-r-4-ambientes--17508629,269000.0,390000.0,95.0,3 dorm.,50.0,12002.0,images/17508629.jpg,https://www.argenprop.com/static-content/92680571/dc8b42d4-6af9-4115-9acc-d17486422e0a_u_small.jpg,-4105503.4170043473,-6507082.873168909,2026-01-19 01:57:04.589057,,10.0,Colegiales,13.0,4,usd,True,False
17156190,https://www.argenprop.com/departamento-en-venta-en-palermo-4-ambientes--17156190,230000.0,460000.0,100.0,3 dorm.,2.0,10000.0,images/17156190.jpg,https://www.argenprop.com/static-content/09165171/da28dd5c-ca1d-4d27-b811-642a76748875_u_small.jpg,-4107403.24295979,-6503559.611285301,2026-01-19 01:57:05.535203,,20.0,Palermo,14.0,4,usd,True,False
18641432,https://www.argenprop.com/departamento-en-venta-en-belgrano-1-ambiente--18641432,99000.0,0.0,56.7,0,33.19230769230769,8300.0,images/18641432.jpg,https://www.argenprop.com/static-content/23414681/89acb506-bf26-4373-8b35-366fa844fffb_u_small.jpg,-4103835.5879993998,-6507395.680938037,2026-01-19 01:57:06.660231,,4.0,Belgrano,13.0,1,usd,True,False
8902525,https://www.argenprop.com/departamento-en-venta-en-microcentro-4-ambientes--8902525,99000.0,223600.0,78.0,3 dorm.,70.0,8300.0,images/8902525.jpg,https://www.argenprop.com/static-content/5252098/6872688e-bb1a-450a-a3eb-c941ebb7b564_u_small.jpg,-4110861.123192986,-6498275.275057344,2026-01-19 01:57:06.720722,,16.0,Monserrat,1.0,4,usd,True,False
17768810,https://www.argenprop.com/departamento-en-venta-en-villa-urquiza-1-ambiente--17768810,107000.0,0.0,37.0,0,25.46551724137931,8220.0,images/17768810.jpg,https://www.argenprop.com/static-content/01886771/baa9bede-cc89-4040-9924-503f63469af0_u_small.jpg,-4106689.3509645453,-6509917.067404505,2026-01-19 01:57:06.864083,,47.0,Villa Urquiza,12.0,1,usd,True,False
18274585,https://www.argenprop.com/departamento-en-venta-en-saavedra-4-ambientes--18274585,189000.0,292000.0,105.0,3 dorm.,50.0,8000.0,images/18274585.jpg,https://www.argenprop.com/static-content/58547281/a490c563-26c2-4a7a-bf3c-855a50ca73fe_u_small.jpg,-4102575.890890662,-6510001.6702175075,2026-01-19 01:57:07.433724,,29.0,Saavedra,12.0,4,usd,True,False
18856119,https://www.argenprop.com/departamento-en-venta-en-flores-norte-2-ambientes--18856119,64000.0,160000.0,39.0,1 dorm.,38.166666666666664,6830.0,images/18856119.jpg,https://www.argenprop.com/static-content/91165881/27463b44-653d-4701-bf63-79bd0c63643e_u_small.jpg,-4113164.713640771,-6508415.367473704,2026-01-19 01:57:08.998551,,12.0,Flores,7.0,2,usd,True,False
18292105,https://www.argenprop.com/departamento-en-venta-en-barrio-norte-6-ambientes--18292105,320000.0,800000.0,170.0,3 dorm.,60.0,5500.0,images/18292105.jpg,https://www.argenprop.com/static-content/50129281/b804b565-e38f-4c4d-9366-20ee11668ed3_u_small.jpg,-4109002.4985923986,-6501222.792534568,2026-01-19 01:57:11.195474,,27.0,Recoleta,2.0,4,usd,True,False
18807598,https://www.argenprop.com/departamento-en-venta-en-lomas-de-nunez-2-ambientes--18807598,150000.0,250000.0,45.0,1 dorm.,20.0,5285.0,images/18807598.jpg,https://www.argenprop.com/static-content/89570881/c7762e66-575a-4308-a6de-08f56bbe30f4_u_small.jpg,-4103438.2004998275,-6508318.519516715,2026-01-19 01:57:11.576472,,19.0,Nuñez,13.0,2,usd,True,False
18643189,https://www.argenprop.com/departamento-en-venta-en-barrio-norte-2-ambientes--18643189,89000.0,124499.0,43.0,1 dorm.,40.0,5102.0,images/18643189.jpg,https://www.argenprop.com/static-content/98134681/eded877d-d932-49ff-bc56-adcf3e7a4c67_u_small.jpg,-4109038.6051564785,-6501346.57980833,2026-01-19 01:57:12.233381,,27.0,Recoleta,2.0,2,usd,True,False
18031475,https://www.argenprop.com/departamento-en-venta-en-villa-devoto-4-ambientes--18031475,370000.0,0.0,150.0,3 dorm.,30.263157894736842,4900.0,images/18031475.jpg,https://www.argenprop.com/static-content/57413081/339acec1-808e-4038-9528-88aa61cd4dda_u_small.jpg,-4108622.2372567,-6513571.129689795,2026-01-19 01:57:13.785699,,37.0,Villa Devoto,11.0,4,usd,True,False
18515313,https://www.argenprop.com/departamento-en-venta-en-botanico-2-ambientes--18515313,99000.0,135000.0,40.0,1 dorm.,30.0,4448.0,images/18515313.jpg,https://www.argenprop.com/static-content/31351581/13e0541f-1edd-4df9-9062-330d849bc903_u_small.jpg,-4107207.1885575727,-6503657.572437199,2026-01-19 01:57:15.136959,,20.0,Palermo,14.0,2,usd,True,False
17134041,https://www.argenprop.com/departamento-en-venta-en-belgrano-4-ambientes--17134041,269000.0,400000.0,105.0,3 dorm.,40.0,4331.0,images/17134041.jpg,https://www.argenprop.com/static-content/14043171/7d99fa33-a6cf-4538-a589-75a04f1a3283_u_small.jpg,-4104630.405134003,-6505715.5358634945,2026-01-19 01:57:15.812855,,4.0,Belgrano,13.0,4,usd,True,False
17692807,https://www.argenprop.com/departamento-en-venta-en-barrio-norte-4-ambientes--17692807,179000.0,373000.0,88.0,3 dorm.,55.0,4244.0,images/17692807.jpg,https://www.argenprop.com/static-content/70829671/b52d22ac-d672-437c-8d18-27377ec55a90_u_small.jpg,-4108991.680168829,-6500991.4706327,2026-01-19 01:57:16.363534,,27.0,Recoleta,2.0,4,usd,True,False
18357491,https://www.argenprop.com/departamento-en-venta-en-caballito-3-ambientes--18357491,129000.0,191631.0,89.0,2 dorm.,40.0,3666.0,images/18357491.jpg,https://www.argenprop.com/static-content/19475381/b86bc26a-12e7-4d3d-8c3c-69fa37d50c6a_u_small.jpg,-4113313.5231700325,-6508371.952872294,2026-01-19 01:57:21.416426,,12.0,Flores,7.0,3,usd,True,False
18006748,https://www.argenprop.com/departamento-en-venta-en-barrio-norte-3-ambientes--18006748,179000.0,373000.0,88.0,2 dorm.,55.0,3665.0,images/18006748.jpg,https://www.argenprop.com/static-content/84760081/a41cb81a-3c40-4883-af5a-d7ea3fb79781_u_small.jpg,-4108991.680168829,-6500991.4706327,2026-01-19 01:57:21.499471,,27.0,Recoleta,2.0,3,usd,True,False
18222497,https://www.argenprop.com/departamento-en-venta-en-palermo-2-ambientes--18222497,87000.0,92192.0,42.0,1 dorm.,50.0,3661.0,images/18222497.jpg,https://www.argenprop.com/static-content/79422281/a72423e0-3063-4f4c-9311-1912e48edf08_u_small.jpg,-4107630.8055656594,-6503949.229503077,2026-01-19 01:57:21.616151,,20.0,Palermo,14.0,2,usd,True,False
18227740,https://www.argenprop.com/departamento-en-venta-en-barrio-norte-2-ambientes--18227740,79000.0,135000.0,36.0,1 dorm.,40.0,3444.0,images/18227740.jpg,https://www.argenprop.com/static-content/04772281/662a87fc-34ff-4aa6-a500-dd001696f6ff_u_small.jpg,-4109042.1211576834,-6501452.110685603,2026-01-19 01:57:23.933538,2026-01-21 21:09:32.600280,27.0,Recoleta,2.0,2,usd,True,False
17468448,https://www.argenprop.com/casa-en-venta-en-villa-devoto-5-ambientes--17468448,495000.0,0.0,236.0,3 dorm.,28.0,3300.0,images/17468448.jpg,https://www.argenprop.com/static-content/84486471/ac7d18a6-f9b9-4afd-a179-fb1ae3da7114_u_small.jpg,-4108652.2574204993,-6513661.85507479,2026-01-19 01:57:25.412803,,37.0,Villa Devoto,11.0,4,usd,False,False
18021717,https://www.argenprop.com/departamento-en-venta-en-belgrano-3-ambientes--18021717,118000.0,196000.0,55.0,2 dorm.,35.0,3250.0,images/18021717.jpg,https://www.argenprop.com/static-content/71712081/1065f269-02df-4546-b054-d714cff4c9bc_u_small.jpg,-4103323.312172997,-6507999.811814572,2026-01-19 01:57:25.699755,,19.0,Nuñez,13.0,3,usd,True,False
18261614,https://www.argenprop.com/departamento-en-venta-en-villa-urquiza-2-ambientes--18261614,79000.0,0.0,42.0,1 dorm.,40.0,3100.0,images/18261614.jpg,https://www.argenprop.com/static-content/41616281/b4675607-52b5-4888-bc0d-ebe6c76829a4_u_small.jpg,-4106717.4731244845,-6511740.480663698,2026-01-19 01:57:27.230469,,47.0,Villa Urquiza,12.0,2,usd,True,False
17803234,https://www.argenprop.com/departamento-en-venta-en-colegiales-4-ambientes--17803234,185000.0,360000.0,72.0,3 dorm.,35.0,3085.0,images/17803234.jpg,https://www.argenprop.com/static-content/43230871/b8a1bc59-dec8-430a-a8fa-7048311a7142_u_small.jpg,-4105440.960202672,-6507004.392927898,2026-01-19 01:57:27.400501,,10.0,Colegiales,13.0,4,usd,True,False
17663965,https://www.argenprop.com/departamento-en-venta-en-saavedra-4-ambientes--17663965,175000.0,100000.0,64.7,3 dorm.,26.4375,3005.0,images/17663965.jpg,https://www.argenprop.com/static-content/56936671/95c1e296-4b16-4fb8-b9ed-4173ca04b840_u_small.jpg,-4102755.6459029736,-6510010.575776773,2026-01-19 01:57:27.748987,,29.0,Saavedra,12.0,4,usd,True,False
18804107,https://www.argenprop.com/departamento-en-venta-en-saavedra-1-ambiente--18804107,89000.0,35000.0,33.0,0,17.0,3001.0,images/18804107.jpg,https://www.argenprop.com/static-content/70140881/b0102ab0-5050-40b0-9616-1cf64218b70e_u_small.jpg,-4102905.669202957,-6510520.4190446045,2026-01-19 01:57:28.850800,,29.0,Saavedra,12.0,1,usd,True,False
16412515,https://www.argenprop.com/ph-en-venta-en-palermo-hollywood-4-ambientes--16412515,339000.0,0.0,129.0,3 dorm.,5.0,3000.0,images/16412515.jpg,https://www.argenprop.com/static-content/51521461/0efe1a90-40e2-4550-bfcb-97ca1363c492_u_small.jpg,-4107995.077583243,-6504906.577123899,2026-01-19 01:57:29.232462,,20.0,Palermo,14.0,4,usd,False,True
14526552,https://www.argenprop.com/departamento-en-venta-en-barrio-norte-4-ambientes--14526552,219000.0,350000.0,140.0,3 dorm.,40.0,2880.0,images/14526552.jpg,https://www.argenprop.com/static-content/25562541/cefee641-811f-4e64-a12a-48dc4507de63_u_small.jpg,-4109080.3915496706,-6501212.9964193795,2026-01-19 01:57:31.725288,,27.0,Recoleta,2.0,4,usd,True,False
18488183,https://www.argenprop.com/departamento-en-venta-en-belgrano-r-3-ambientes--18488183,210000.0,237000.0,66.0,2 dorm.,16.0,2800.0,images/18488183.jpg,https://www.argenprop.com/static-content/38188481/1d060696-a2a4-4567-bfb3-9a6d1d0e79eb_u_small.jpg,-4106439.22908059,-6508123.710407826,2026-01-19 01:57:32.207754,,41.0,Villa Ortuzar,15.0,3,usd,True,False
18059026,https://www.argenprop.com/departamento-en-venta-en-villa-devoto-3-ambientes--18059026,130000.0,126675.0,73.0,2 dorm.,40.0,2625.0,images/18059026.jpg,https://www.argenprop.com/static-content/62095081/4fd75970-9680-4a72-87d6-a97e0a39e281_u_small.jpg,-4108176.136257493,-6512918.463515273,2026-01-19 01:57:34.026693,,42.0,Villa Pueyrredon,12.0,3,usd,True,False
18832256,https://www.argenprop.com/departamento-en-venta-en-villa-urquiza-2-ambientes--18832256,116000.0,250000.0,41.0,1 dorm.,30.0,2511.0,images/18832256.jpg,https://www.argenprop.com/static-content/65223881/6db45a8f-9a58-4bf2-915d-58a57a06344b_u_small.jpg,-4107608.7657296644,-6512486.321252014,2026-01-19 01:57:35.930141,2026-01-21 21:29:30.557383,42.0,Villa Pueyrredon,12.0,2,usd,True,False
17836209,https://www.argenprop.com/departamento-en-venta-en-villa-devoto-4-ambientes--17836209,287000.0,0.0,94.0,3 dorm.,30.263157894736842,2501.0,images/17836209.jpg,https://www.argenprop.com/static-content/90263871/89cc1015-bbec-4943-9f1a-cd64e0130aef_u_small.jpg,-4108605.334046617,-6513559.441143262,2026-01-19 01:57:36.473498,,37.0,Villa Devoto,11.0,4,usd,True,False
5367085,https://www.argenprop.com/casa-en-venta-en-saavedra-5-ambientes--5367085,269000.0,0.0,140.0,2 dorm.,2.0,2359.0,images/5367085.jpg,https://www.argenprop.com/static-content/5807635/35792b56-6ac0-49ae-b4ad-7b50ec241083_u_small.jpg,-4102705.6385810226,-6511033.601897161,2026-01-19 01:57:39.257831,,29.0,Saavedra,12.0,3,usd,False,False
18729479,https://www.argenprop.com/departamento-en-venta-en-villa-pueyrredon-3-ambientes--18729479,78900.0,60000.0,60.0,2 dorm.,60.0,2173.0,images/18729479.jpg,https://www.argenprop.com/static-content/97492781/c409d6bd-1fc6-4994-9e15-a2266ed662f2_u_small.jpg,-4106414.8931944356,-6513342.368136215,2026-01-19 01:57:42.237141,,42.0,Villa Pueyrredon,12.0,3,usd,True,False
18737000,https://www.argenprop.com/departamento-en-venta-en-saavedra-5-ambientes--18737000,149000.0,292000.0,94.57,3 dorm.,2.0,2101.0,images/18737000.jpg,https://www.argenprop.com/static-content/00073781/30cbc369-c8cb-44df-8895-7f5914871738_u_small.jpg,-4103035.4206979144,-6510706.322594229,2026-01-19 01:57:43.619558,,29.0,Saavedra,12.0,4,usd,True,False
16687298,https://www.argenprop.com/departamento-en-venta-en-villa-pueyrredon--16687298,154000.0,0.0,71.0,2 dorm.,30.263157894736842,2052.0,images/16687298.jpg,https://www.argenprop.com/static-content/89278661/2d9e9315-2dc7-4076-8a98-931c9956a06e_u_small.jpg,-4108424.1332321484,-6512998.390909663,2026-01-19 01:57:45.275921,,37.0,Villa Devoto,11.0,3,usd,True,False
17702022,https://www.argenprop.com/departamento-en-venta-en-belgrano-barrancas-3-ambientes--17702022,400000.0,610000.0,120.0,2 dorm.,35.0,2002.0,images/17702022.jpg,https://www.argenprop.com/static-content/22020771/1ddbc8b4-46e6-4c0c-9f08-ca7f245c4a21_u_small.jpg,-4104452.918136045,-6506160.034590232,2026-01-19 01:57:46.925510,,4.0,Belgrano,13.0,3,usd,True,False
18699782,https://www.argenprop.com/departamento-en-venta-en-las-canitas-1-ambiente--18699782,69600.0,90000.0,28.0,1 dorm.,35.0,2002.0,images/18699782.jpg,https://www.argenprop.com/static-content/28799681/07a19387-c017-47bc-a004-a5f6c5f76c43_u_small.jpg,-4104925.09651308,-6505281.723807873,2026-01-19 01:57:47.064270,2026-01-21 21:45:53.413002,20.0,Palermo,14.0,2,usd,True,False
17936601,https://www.argenprop.com/departamento-en-venta-en-barrio-norte-1-ambiente--17936601,52000.0,120000.0,18.0,1 dorm.,50.0,2001.0,images/17936601.jpg,https://www.argenprop.com/static-content/10663971/e1ab849d-4744-4dd6-b97d-9f9184145dd4_u_small.jpg,-4107950.8613077113,-6500754.360117311,2026-01-19 01:57:47.240357,,27.0,Recoleta,2.0,2,usd,True,False
18327044,https://www.argenprop.com/departamento-en-venta-en-belgrano-2-ambientes--18327044,96800.0,0.0,38.0,1 dorm.,30.0,2000.0,images/18327044.jpg,https://www.argenprop.com/static-content/44072381/8575e39c-5b84-4a5b-a45a-b3dcb5929ccc_u_small.jpg,-4104068.755569829,-6508198.071827676,2026-01-19 01:57:48.972992,2026-01-21 21:48:35.406863,4.0,Belgrano,13.0,2,usd,True,False
17993556,https://www.argenprop.com/departamento-en-venta-en-palermo-soho-3-ambientes--17993556,139900.0,178500.0,59.8,2 dorm.,43.0,2000.0,images/17993556.jpg,https://www.argenprop.com/static-content/65539971/651cc472-6331-4d8b-8c96-17b170b00909_u_small.jpg,-4108397.0885851155,-6504970.029233652,2026-01-19 01:57:49.896921,,20.0,Palermo,14.0,3,usd,True,False
17778125,https://www.argenprop.com/departamento-en-venta-en-villa-crespo-3-ambientes--17778125,99000.0,260000.0,50.0,2 dorm.,45.0,1950.0,images/17778125.jpg,https://www.argenprop.com/static-content/52187771/8068b2ab-1a9c-4696-a1f8-db4f3486871c_u_small.jpg,-4110096.700725235,-6504806.83486015,2026-01-19 01:57:52.638640,,7.0,Caballito,6.0,3,usd,True,False
18782743,https://www.argenprop.com/departamento-en-venta-en-barrio-norte-3-ambientes--18782743,195000.0,254400.0,74.0,2 dorm.,40.0,1777.0,images/18782743.jpg,https://www.argenprop.com/static-content/34728781/dbfd18f8-a990-4903-ad35-b3e9801fcbc5_u_small.jpg,-4108876.0589175997,-6501446.989989026,2026-01-19 01:57:56.282226,,27.0,Recoleta,2.0,3,usd,True,False
17835942,https://www.argenprop.com/ph-en-venta-en-villa-urquiza-4-ambientes--17835942,160000.0,0.0,99.0,3 dorm.,40.0,1702.0,images/17835942.jpg,https://www.argenprop.com/static-content/24953871/54a31ba8-3063-4313-bc89-a955e0271e6f_u_small.jpg,-4106480.194607961,-6511602.444495115,2026-01-19 01:57:57.633587,,47.0,Villa Urquiza,12.0,4,usd,False,True
18642255,https://www.argenprop.com/departamento-en-venta-en-flores-2-ambientes--18642255,65000.0,115000.0,40.0,1 dorm.,30.0,1600.0,images/18642255.jpg,https://www.argenprop.com/static-content/55224681/2401a4a8-d33f-452c-8393-a1746c5c44ed_u_small.jpg,-4113397.398501343,-6508142.63472126,2026-01-19 01:58:01.515897,,12.0,Flores,7.0,2,usd,True,False
11582143,https://www.argenprop.com/departamento-en-venta-en-villa-pueyrredon-2-ambientes--11582143,110000.0,0.0,40.0,1 dorm.,8.0,1551.0,images/11582143.jpg,https://www.argenprop.com/static-content/34128511/8f43c187-91d2-48b9-bef5-c5ac1bf57743_u_small.jpg,-4107963.0309074745,-6513351.273695477,2026-01-19 01:58:03.376545,,37.0,Villa Devoto,11.0,2,usd,True,False
18448064,https://www.argenprop.com/ph-en-venta-en-villa-luro-3-ambientes--18448064,143000.0,0.0,62.0,2 dorm.,2.0,1522.0,images/18448064.jpg,https://www.argenprop.com/static-content/46084481/c661a683-fa4c-457a-9dc7-0fee43895930_u_small.jpg,-4114113.069963559,-6512240.305177361,2026-01-19 01:58:04.781383,,40.0,Villa Luro,10.0,3,usd,False,True
18856064,https://www.argenprop.com/departamento-en-venta-en-belgrano-4-ambientes--18856064,589000.0,0.0,178.0,2 dorm.,20.0,1521.0,images/18856064.jpg,https://www.argenprop.com/static-content/46065881/22b752a5-312b-4263-a91e-443d0c934aa6_u_small.jpg,-4105114.3519308614,-6504833.551537939,2026-01-19 01:58:05.145791,,20.0,Palermo,14.0,3,usd,True,False
18278354,https://www.argenprop.com/departamento-en-venta-en-las-canitas-3-ambientes--18278354,285000.0,500000.0,77.0,2 dorm.,45.0,1506.0,images/18278354.jpg,https://www.argenprop.com/static-content/45387281/d784fda2-2e77-4788-aa8c-065978416082_u_small.jpg,-4104987.6856307844,-6505256.120324992,2026-01-19 01:58:06.090036,2026-01-21 22:11:53.211829,20.0,Palermo,14.0,3,usd,True,False
18787265,https://www.argenprop.com/departamento-en-venta-en-villa-urquiza-4-ambientes--18787265,160000.0,300000.0,65.35,3 dorm.,46.0,1500.0,images/18787265.jpg,https://www.argenprop.com/static-content/56278781/c8479456-defe-4aa3-82ee-633a0524b4ac_u_small.jpg,-4106140.4421264427,-6511491.125004322,2026-01-19 01:58:13.300986,,47.0,Villa Urquiza,12.0,4,usd,True,False
18500704,https://www.argenprop.com/departamento-en-venta-en-flores-norte-3-ambientes--18500704,129000.0,270000.0,57.0,2 dorm.,18.0,1500.0,images/18500704.jpg,https://www.argenprop.com/static-content/40700581/b30e49ae-7bf4-4a0b-b3b1-ad3a39ba4122_u_small.jpg,-4113546.211115511,-6508517.781405234,2026-01-19 01:58:13.511322,,12.0,Flores,7.0,3,usd,True,False
18261923,https://www.argenprop.com/ph-en-venta-en-barrio-san-pedro-3-ambientes--18261923,218000.0,25000.0,78.0,2 dorm.,9.0,1500.0,images/18261923.jpg,https://www.argenprop.com/static-content/32916281/d0211291-a288-4571-92ae-8e5d81018dc0_u_small.jpg,-4108079.3188588643,-6514065.94482637,2026-01-19 01:58:14.413317,,37.0,Villa Devoto,11.0,3,usd,False,True
16980707,https://www.argenprop.com/departamento-en-venta-en-recoleta-4-ambientes--16980707,320000.0,0.0,136.0,3 dorm.,60.0,1404.0,images/16980707.jpg,https://www.argenprop.com/static-content/70708961/9d4cdcb6-9a54-4e8e-a65a-1af34cad0df8_u_small.jpg,-4107603.3571875584,-6500650.832990873,2026-01-19 01:58:17.446058,,27.0,Recoleta,2.0,4,usd,True,False
16885925,https://www.argenprop.com/ph-en-venta-en-villa-urquiza-5-ambientes--16885925,195000.0,0.0,150.0,4 dorm.,60.0,1402.0,images/16885925.jpg,https://www.argenprop.com/static-content/52958861/adcf7c9e-4041-45fb-b538-aab8d0c34643_u_small.jpg,-4108183.438162173,-6510448.061375589,2026-01-19 01:58:17.579557,,23.0,Parque Chas,15.0,5,usd,False,True
18292096,https://www.argenprop.com/departamento-en-venta-en-recoleta-6-ambientes--18292096,320000.0,800000.0,170.0,3 dorm.,60.0,1400.0,images/18292096.jpg,https://www.argenprop.com/static-content/69029281/f88cbb6c-baad-4b4a-98d8-82cb97e320e2_u_small.jpg,-4109002.4985923986,-6501222.792534568,2026-01-19 01:58:18.843359,,27.0,Recoleta,2.0,4,usd,True,False
18792769,https://www.argenprop.com/departamento-en-venta-en-villa-devoto-2-ambientes--18792769,74000.0,78000.0,39.39,1 dorm.,56.0,1375.0,images/18792769.jpg,https://www.argenprop.com/static-content/96729781/768f6cfc-87f9-4836-85e6-6a6cf6f7d24a_u_small.jpg,-4108691.878750481,-6512963.881867517,2026-01-19 01:58:20.048183,,37.0,Villa Devoto,11.0,2,usd,True,False
18853187,https://www.argenprop.com/departamento-en-venta-en-flores-3-ambientes--18853187,149900.0,0.0,68.9,2 dorm.,30.0,1375.0,images/18853187.jpg,https://www.argenprop.com/static-content/78135881/865ef960-f5a5-43a4-bd2d-09673d8a9bcf_u_small.jpg,-4113396.045668445,-6508145.974305984,2026-01-19 01:58:20.131157,,12.0,Flores,7.0,3,usd,True,False
16943910,https://www.argenprop.com/departamento-en-venta-en-nunez-2-ambientes--16943910,89000.0,150000.0,36.0,1 dorm.,40.0,1361.0,images/16943910.jpg,https://www.argenprop.com/static-content/01934961/7a3e0d79-95ce-4433-9934-bc7971e7c7a9_u_small.jpg,-4102790.11053807,-6508081.409001325,2026-01-19 01:58:21.035705,,19.0,Nuñez,13.0,2,usd,True,False
18643321,https://www.argenprop.com/departamento-en-venta-en-barrio-san-pedro-4-ambientes--18643321,280000.0,0.0,99.0,3 dorm.,30.263157894736842,1361.0,images/18643321.jpg,https://www.argenprop.com/static-content/12334681/d2ae00ab-b214-4789-8279-3e7a22c80ad5_u_small.jpg,-4109079.985855785,-6514502.3172302805,2026-01-19 01:58:21.131053,,37.0,Villa Devoto,11.0,4,usd,True,False
17495884,https://www.argenprop.com/departamento-en-venta-en-belgrano-3-ambientes--17495884,229000.0,430000.0,83.0,2 dorm.,40.0,1318.0,images/17495884.jpg,https://www.argenprop.com/static-content/48859471/e51851c6-a697-4c1a-b56e-8fb4557c995d_u_small.jpg,-4105142.4701504917,-6504817.521531265,2026-01-19 01:58:23.046388,,20.0,Palermo,14.0,3,usd,True,False
18488195,https://www.argenprop.com/departamento-en-venta-en-villa-ortuzar-3-ambientes--18488195,210000.0,237000.0,66.0,2 dorm.,16.0,1311.0,images/18488195.jpg,https://www.argenprop.com/static-content/59188481/f1fa552f-95ac-4cec-a33a-ffaaaafedb79_u_small.jpg,-4106439.22908059,-6508123.710407826,2026-01-19 01:58:23.176717,,41.0,Villa Ortuzar,15.0,3,usd,True,False
18466639,https://www.argenprop.com/departamento-en-venta-en-villa-luro-2-ambientes--18466639,79000.0,0.0,52.0,1 dorm.,30.0,1302.0,images/18466639.jpg,https://www.argenprop.com/static-content/93666481/0b825c13-165c-46fb-bd36-98e07a3cc785_u_small.jpg,-4114062.2003152394,-6512725.324198747,2026-01-19 01:58:23.716083,,40.0,Villa Luro,10.0,2,usd,True,False
18782043,https://www.argenprop.com/departamento-en-venta-en-chacarita-3-ambientes--18782043,154999.0,149000.0,73.49,2 dorm.,60.0,1300.0,images/18782043.jpg,https://www.argenprop.com/static-content/34028781/ea68601d-ac4c-476c-8e96-fdf574fdc464_u_small.jpg,-4107051.699567267,-6506708.839679844,2026-01-19 01:58:25.449558,,8.0,Chacarita,15.0,3,usd,True,False
17725196,https://www.argenprop.com/departamento-en-venta-en-las-canitas-1-ambiente--17725196,69500.0,90000.0,28.0,1 dorm.,35.0,1289.0,images/17725196.jpg,https://www.argenprop.com/static-content/69152771/3f724da9-fe5e-432d-93c9-90598549a5a3_u_small.jpg,-4104925.09651308,-6505281.723807873,2026-01-19 01:58:26.285394,2026-01-21 22:35:59.213673,20.0,Palermo,14.0,2,usd,True,False
17347379,https://www.argenprop.com/ph-en-venta-en-palermo-3-ambientes--17347379,195000.0,0.0,80.0,2 dorm.,40.0,1225.0,images/17347379.jpg,https://www.argenprop.com/static-content/97374371/a0078c78-867b-435e-a9bb-8d1f57dd29da_u_small.jpg,-4107744.791419674,-6503916.946850747,2026-01-19 01:58:28.634391,,20.0,Palermo,14.0,3,usd,False,True
15724868,https://www.argenprop.com/departamento-en-venta-en-barrio-norte-2-ambientes--15724868,88000.0,71000.0,40.0,1 dorm.,53.764044943820224,1200.0,images/15724868.jpg,https://www.argenprop.com/static-content/86842751/9d0f7f3e-a646-4362-99db-e9cce9462935_u_small.jpg,-4108890.6636415627,-6501465.691663479,2026-01-19 01:58:31.797283,,27.0,Recoleta,2.0,2,usd,True,False
18746321,https://www.argenprop.com/departamento-en-venta-en-recoleta-3-ambientes--18746321,170000.0,295000.0,59.0,2 dorm.,15.0,1200.0,images/18746321.jpg,https://www.argenprop.com/static-content/12364781/71f18998-a62d-4690-9da0-4a6146f78c30_u_small.jpg,-4107603.3571875584,-6500650.832990873,2026-01-19 01:58:33.544236,,27.0,Recoleta,2.0,3,usd,True,False
12766263,https://www.argenprop.com/ph-en-venta-en-villa-devoto-5-ambientes--12766263,495000.0,0.0,302.0,4 dorm.,30.263157894736842,1092.0,images/12766263.jpg,https://www.argenprop.com/static-content/36266721/85c2a9be-7c63-4be8-b19e-4a5407531696_u_small.jpg,-4108932.584713966,-6513892.286420733,2026-01-19 01:58:44.831052,,37.0,Villa Devoto,11.0,5,usd,False,True
16751693,https://www.argenprop.com/departamento-en-venta-en-villa-crespo-1-ambiente--16751693,30000.0,0.0,36.0,1 dorm.,35.955882352941174,1.0,images/16751693.jpg,https://www.argenprop.com/static-content/39615761/98908cd6-1857-46bd-a727-9fc0d9f6fe90_u_small.jpg,-4109451.878066308,-6505315.119655112,2026-01-19 22:19:35.931995,,35.0,Villa Crespo,15.0,2,usd,True,False
16297812,https://www.argenprop.com/departamento-en-venta-en-villa-lugano-2-ambientes--16297812,31000.0,0.0,36.0,1 dorm.,52.8348623853211,0.0,images/16297812.jpg,https://www.argenprop.com/static-content/21879261/d11ab889-ef1d-407f-8376-ad9854d6e310_u_small.jpg,-4110777.2668074574,-6497852.2609923305,2026-01-19 22:19:37.219936,,16.0,Monserrat,1.0,2,usd,True,False
17892616,https://www.argenprop.com/departamento-en-venta-en-villa-lugano-3-ambientes--17892616,31500.0,0.0,50.0,2 dorm.,52.8348623853211,0.0,images/17892616.jpg,https://www.argenprop.com/static-content/61629871/b0762358-a5ee-410f-9ce3-f8e11956be6c_u_small.jpg,-4110777.2668074574,-6497852.2609923305,2026-01-19 22:19:37.316273,,16.0,Monserrat,1.0,3,usd,True,False
18038929,https://www.argenprop.com/departamento-en-venta-en-villa-urquiza-2-ambientes--18038929,35500.0,0.0,40.0,1 dorm.,25.46551724137931,0.0,images/18038929.jpg,https://www.argenprop.com/static-content/92983081/459c731e-4304-45b7-ade7-8b91f933069c_u_small.jpg,-4105582.7727918867,-6509809.644095889,2026-01-19 22:19:50.244524,,47.0,Villa Urquiza,12.0,2,usd,True,False
8289490,https://www.argenprop.com/ph-en-venta-en-boca-2-ambientes--8289490,36000.0,3000.0,31.0,1 dorm.,60.0,5.0,images/8289490.jpg,https://www.argenprop.com/static-content/0949828/07b0b174-ddfb-426e-b60b-e005aaef7810_u_small.jpg,-4109938.737388591,-6497978.052016926,2026-01-19 22:19:51.227388,,31.0,San Nicolas,1.0,2,usd,False,True
13589582,https://www.argenprop.com/departamento-en-venta-en-villa-lugano-4-ambientes--13589582,38000.0,1500.0,65.0,3 dorm.,52.8348623853211,0.0,images/13589582.jpg,https://www.argenprop.com/static-content/28598531/fd382a87-1319-4f48-9d75-5cddfef39123_u_small.jpg,-4110777.2668074574,-6497852.2609923305,2026-01-19 22:20:01.918027,,16.0,Monserrat,1.0,4,usd,True,False
17969904,https://www.argenprop.com/departamento-en-venta-en-villa-soldati-1-ambiente--17969904,39000.0,0.0,28.0,0,6.0,1.0,images/17969904.jpg,https://www.argenprop.com/static-content/40996971/703aec37-7da0-44a5-a38a-73be8ccc48ed_u_small.jpg,-4117602.791318656,-6505401.94885793,2026-01-19 22:20:03.952411,,46.0,Villa Soldati,8.0,1,usd,True,False
18781615,https://www.argenprop.com/departamento-en-venta-en-parque-chacabuco-2-ambientes--18781615,39900.0,59397.0,48.0,1 dorm.,39.0,0.0,images/18781615.jpg,https://www.argenprop.com/static-content/51618781/57f6d143-0a81-44c2-80fe-68f0b64d4980_u_small.jpg,-4115740.073297129,-6505156.266741749,2026-01-19 22:20:12.534870,,22.0,Parque Chacabuco,7.0,2,usd,True,False
18756815,https://www.argenprop.com/departamento-en-venta-en-parque-chacabuco-2-ambientes--18756815,40000.0,95000.0,48.88,1 dorm.,39.0,0.0,images/18756815.jpg,https://www.argenprop.com/static-content/51865781/894cc892-cede-4e77-879e-57a8de20cde8_u_small.jpg,-4115759.6934879464,-6505090.254283709,2026-01-19 22:20:17.294406,,22.0,Parque Chacabuco,7.0,2,usd,True,False
15882139,https://www.argenprop.com/departamento-en-venta-en-flores-1-ambiente--15882139,41900.0,0.0,21.23,0,38.166666666666664,0.0,images/15882139.jpg,https://www.argenprop.com/static-content/93128851/b591f2ae-53b2-4b84-bde9-ba4e7e293359_u_small.jpg,-4113680.820588758,-6508327.981673431,2026-01-19 22:20:30.743881,,12.0,Flores,7.0,1,usd,True,False
18223273,https://www.argenprop.com/departamento-en-venta-en-monserrat-1-ambiente--18223273,42000.0,80000.0,26.0,0,70.0,0.0,images/18223273.jpg,https://www.argenprop.com/static-content/37232281/cd7b556a-f2fc-4eaf-8415-444ffee252b3_u_small.jpg,-4111424.735503364,-6498983.26701879,2026-01-19 22:20:34.227235,,16.0,Monserrat,1.0,1,usd,True,False
18327560,https://www.argenprop.com/departamento-en-venta-en-san-telmo-1-ambiente--18327560,42000.0,80000.0,26.0,0,70.0,0.0,images/18327560.jpg,https://www.argenprop.com/static-content/06572381/9bf313eb-ad94-4e8a-b3e8-7f62c45ad97b_u_small.jpg,-4111424.735503364,-6498983.26701879,2026-01-19 22:20:34.377811,,16.0,Monserrat,1.0,1,usd,True,False
18513968,https://www.argenprop.com/departamento-en-venta-en-monserrat-1-ambiente--18513968,43000.0,100000.0,25.0,1 dorm.,50.0,0.0,images/18513968.jpg,https://www.argenprop.com/static-content/86931581/48b2bd5d-bf68-4da3-a2de-356323158854_u_small.jpg,-4111425.141281957,-6498983.26701879,2026-01-19 22:20:41.118287,,16.0,Monserrat,1.0,2,usd,True,False
18808814,https://www.argenprop.com/departamento-en-venta-en-san-nicolas-1-ambiente--18808814,43900.0,147000.0,25.0,0,63.0,0.0,images/18808814.jpg,https://www.argenprop.com/static-content/41880881/b3255fd7-7015-4dba-9a17-44e672723372_u_small.jpg,-4109614.1621623076,-6497974.712432204,2026-01-19 22:20:41.826697,,31.0,San Nicolas,1.0,1,usd,True,False
18659470,https://www.argenprop.com/departamento-en-venta-en-flores-1-ambiente--18659470,44500.0,85000.0,27.0,1 dorm.,50.0,1.0,images/18659470.jpg,https://www.argenprop.com/static-content/07495681/c9aa0485-36dc-4c9f-a8c1-52d216724943_u_small.jpg,-4113222.4785601324,-6508236.699690981,2026-01-19 22:20:44.795182,,12.0,Flores,7.0,2,usd,True,False
18526099,https://www.argenprop.com/departamento-en-venta-en-recoleta-1-ambiente--18526099,45000.0,111000.0,26.0,0,40.0,0.0,images/18526099.jpg,https://www.argenprop.com/static-content/99062581/3aa833ad-39f0-44d2-ac30-63372210b351_u_small.jpg,-4109075.9289177405,-6499206.573917322,2026-01-19 22:20:49.336745,,28.0,Retiro,1.0,1,usd,True,False
18585286,https://www.argenprop.com/departamento-en-venta-en-belgrano-chico-1-ambiente--18585286,45000.0,111000.0,26.0,0,40.0,0.0,images/18585286.jpg,https://www.argenprop.com/static-content/68258581/5d66f599-0703-4ba8-bd9f-a3926b939c85_u_small.jpg,-4109075.9289177405,-6499206.573917322,2026-01-19 22:20:49.644496,,28.0,Retiro,1.0,1,usd,True,False
18872956,https://www.argenprop.com/departamento-en-venta-en-san-nicolas-1-ambiente--18872956,45000.0,0.0,35.0,1 dorm.,61.0,0.0,images/18872956.jpg,https://www.argenprop.com/static-content/65927881/2d013fab-a2d4-491f-98ae-54ada6a945fd_u_small.jpg,-4109730.4672067584,-6498090.484702627,2026-01-19 22:21:07.705721,,31.0,San Nicolas,1.0,2,usd,True,False
17101348,https://www.argenprop.com/departamento-en-venta-en-retiro-1-ambiente--17101348,46000.0,144300.0,25.0,1 dorm.,35.0,20.0,images/17101348.jpg,https://www.argenprop.com/static-content/84310171/f2935c22-c1db-49a3-b34c-184f673681ef_u_small.jpg,-4109523.5532529494,-6498968.795484986,2026-01-19 22:21:11.244413,,28.0,Retiro,1.0,2,usd,True,False
18738631,https://www.argenprop.com/departamento-en-venta-en-barrio-norte-5-ambientes--18738631,47000.0,200000.0,70.0,4 dorm.,44.776119402985074,1.0,images/18738631.jpg,https://www.argenprop.com/static-content/13683781/36717079-d993-4319-8069-1f1fcd0901e4_u_small.jpg,-4109262.5495842462,-6499306.09354209,2026-01-19 22:21:13.613193,,28.0,Retiro,1.0,5,usd,True,False
18857522,https://www.argenprop.com/departamento-en-venta-en-almagro-1-ambiente--18857522,47000.0,120000.0,24.69,0,42.0,0.0,images/18857522.jpg,https://www.argenprop.com/static-content/22575881/cfa12195-590e-4cad-8452-dcb6a78f8b9b_u_small.jpg,-4110128.0772689045,-6504451.280406556,2026-01-19 22:21:16.327116,,1.0,Almagro,5.0,1,usd,True,False
18150710,https://www.argenprop.com/departamento-en-venta-en-villa-pueyrredon-2-ambientes--18150710,48000.0,10000.0,26.0,1 dorm.,40.0,2.0,images/18150710.jpg,https://www.argenprop.com/static-content/01705181/cf94e121-81e3-48f8-970c-e84ed41979f6_u_small.jpg,-4107036.826820061,-6512006.534246695,2026-01-19 22:21:21.177606,,42.0,Villa Pueyrredon,12.0,2,usd,True,False
18269152,https://www.argenprop.com/departamento-en-venta-en-flores-2-ambientes--18269152,48000.0,80000.0,40.77,1 dorm.,44.0,0.0,images/18269152.jpg,https://www.argenprop.com/static-content/25196281/c0f0a03d-8e98-45a8-ab84-2e0652fb526a_u_small.jpg,-4113222.8844037093,-6508237.256288434,2026-01-19 22:21:21.743658,,12.0,Flores,7.0,2,usd,True,False
18402318,https://www.argenprop.com/departamento-en-venta-en-villa-crespo-1-ambiente--18402318,48000.0,97000.0,22.0,0,45.0,1.0,images/18402318.jpg,https://www.argenprop.com/static-content/81320481/3d9850a8-ac3e-4c7e-90e4-dc361463c477_u_small.jpg,-4109936.708764299,-6504870.954886846,2026-01-19 22:21:22.145506,,35.0,Villa Crespo,15.0,1,usd,True,False
18836833,https://www.argenprop.com/departamento-en-venta-en-recoleta-1-ambiente--18836833,48000.0,58000.0,23.61,0,56.0,0.0,images/18836833.jpg,https://www.argenprop.com/static-content/33863881/f73e861f-8009-40c8-a0eb-35b96a423f95_u_small.jpg,-4109096.2136226124,-6499292.735203195,2026-01-19 22:21:23.844795,,28.0,Retiro,1.0,1,usd,True,False
18348271,https://www.argenprop.com/departamento-en-venta-en-parque-chas-1-ambiente--18348271,48500.0,120000.0,19.0,0,15.0,0.0,images/18348271.jpg,https://www.argenprop.com/static-content/17284381/7664a6a8-7840-441c-96c7-c16ff3864b38_u_small.jpg,-4107702.6043495946,-6509938.218107756,2026-01-19 22:21:25.711635,,23.0,Parque Chas,15.0,1,usd,True,False
18858925,https://www.argenprop.com/departamento-en-venta-en-belgrano-1-ambiente--18858925,49000.0,120000.0,24.0,0,18.0,0.0,images/18858925.jpg,https://www.argenprop.com/static-content/52985881/60036ed7-2e16-4e1a-89fd-da0c84038b48_u_small.jpg,-4104927.8001394738,-6508434.291787138,2026-01-19 22:21:37.659796,,4.0,Belgrano,13.0,1,usd,True,False
18321517,https://www.argenprop.com/departamento-en-venta-en-saavedra-3-ambientes--18321517,49500.0,84000.0,53.0,2 dorm.,50.0,0.0,images/18321517.jpg,https://www.argenprop.com/static-content/71512381/421a28f9-9e19-4953-96f5-aef089f751f2_u_small.jpg,-4102902.9660627316,-6510708.215025573,2026-01-19 22:21:39.937918,,29.0,Saavedra,12.0,3,usd,True,False
18557045,https://www.argenprop.com/departamento-en-venta-en-villa-ortuzar-1-ambiente--18557045,50000.0,0.0,23.0,0,60.0,0.0,images/18557045.jpg,https://www.argenprop.com/static-content/54075581/6fbdb88c-8af0-4465-9ec1-9381ca9d7262_u_small.jpg,-4107187.8537225174,-6508716.598015791,2026-01-19 22:21:55.669950,,41.0,Villa Ortuzar,15.0,1,usd,True,False
18783532,https://www.argenprop.com/departamento-en-venta-en-san-nicolas-2-ambientes--18783532,50000.0,200000.0,35.6,1 dorm.,46.0,0.0,images/18783532.jpg,https://www.argenprop.com/static-content/23538781/81be1c48-a5a7-4a6a-a5e0-f2daf9519bbf_u_small.jpg,-4109611.4574081614,-6497878.977670121,2026-01-19 22:22:02.728377,,31.0,San Nicolas,1.0,2,usd,True,False
18186482,https://www.argenprop.com/departamento-en-venta-en-flores-1-ambiente--18186482,50000.0,113000.0,27.0,0,10.0,11.0,images/18186482.jpg,https://www.argenprop.com/static-content/28468181/bf3868a7-a61b-4399-b97a-7e5f973eca24_u_small.jpg,-4113110.6015737955,-6508405.682678005,2026-01-19 22:22:09.877097,,12.0,Flores,7.0,1,usd,True,False
18910534,https://www.argenprop.com/departamento-en-venta-en-recoleta-4-ambientes--18910534,165000.0,0.0,100.0,3 dorm.,50.0,0.0,images/18910534.jpg,https://www.argenprop.com/static-content/43501981/ad52363c-872a-4b01-bb22-b79c89edf13c_u_small.jpg,-4108988.5698739793,-6500997.259246222,2026-01-24 15:53:28.440600,,27.0,Recoleta,2.0,4,usd,True,False
18509673,https://www.argenprop.com/casa-en-venta-en-saavedra-6-ambientes--18509673,370000.0,0.0,196.0,5 dorm.,18.0,1.0,images/18509673.jpg,https://proxy.sosiva451.com/proxy/78E6FC1DA298CA7AD4EDEDD86912A619933A33847467B9BF19A2EC24F0FE06391127004DCD134B8DC7B23E397D27E23160088429AF489E5A92C06B9D9AE92699F3FF00AAEF317FFC09BCA17257153033CA0D21442BB58AA5F5673F9BD1B191F4,-4103327.367035138,-6511634.727147445,2026-01-27 12:29:53.365329,,29.0,Saavedra,12.0,6,usd,False,False
18661159,https://www.argenprop.com/departamento-en-venta-en-villa-pueyrredon-2-ambientes--18661159,57000.0,50000.0,35.0,1 dorm.,42.5,1.0,images/18661159.jpg,https://www.argenprop.com/static-content/95116681/d69d4783-f5de-40a1-ba83-178690ec7a3c_u_small.jpg,-4108514.7332740626,-6510914.490042013,2026-01-27 19:13:58.031709,,0.0,Agronomia,15.0,2,usd,True,False
