id;url;precio;expensas;area_m2;dormitorios;antiguedad;puntaje_arg_prop;imagen_path;image_url;lat;lon;valido_desde;valido_hasta;geometry;index_right;nombre;comuna;ambientes;precio_m2;superficie_por_ambientes;tipo_inmueble_departamento;tipo_inmueble_ph
18834296;https://www.argenprop.com/departamento-en-venta-en-balvanera-1-ambiente--18834296;48000.0;56000.0;32.0;0;46.0;0;images/18834296.jpg;https://www.argenprop.com/static-content/69243881/dcf4b389-9eb0-4201-ace7-68195b31fcc4_u_small.jpg;-3.460.539;-5.841.221;2026-01-19 22:21:23.703211;;POINT (-6502417.473309763 -4110383.691170706);2.0;Balvanera;3.0;1;1500.0;32.0;True;False
18338133;https://www.argenprop.com/departamento-en-venta-en-abasto-2-ambientes--18338133;49500.0;0.0;42.0;1 dorm.;5.939.942.528.735.630;1;images/18338133.jpg;https://www.argenprop.com/static-content/33183381/67bec277-f0d3-49fd-9b48-022bb784aefa_u_small.jpg;-346.052;-5.841.188;2026-01-19 22:21:40.073828;;POINT (-6502380.7378778 -4110357.9942720444);2.0;Balvanera;3.0;2;11.785.714.285.714.200;21.0;True;False
16052993;https://www.argenprop.com/departamento-en-venta-en-balvanera-3-ambientes--16052993;65000.0;75000.0;39.0;2 dorm.;40.0;6;images/16052993.jpg;https://proxy.sosiva451.com/proxy/070594EC6DD70658D11336690BBF2401E7FDE38B0DAB4B12EE7ED2AD1E7FED3E260CBE27C388EF34F16B8466BF6A951291B7A50E6C92216A26520FD67431EF5E509EBB497FBF89DD06B563E3D991932DF6F9D8D4272E1E19BD22D3F2F14C8F75;-3.460.644;-5.841.143;2026-01-17 23:35:45.401949;;POINT (-6502330.644106943 -4110525.70140784);2.0;Balvanera;3.0;3;16.666.666.666.666.600;13.0;True;False
17446848;https://www.argenprop.com/ph-en-venta-en-barracas-2-ambientes--17446848;43000.0;0.0;40.0;1 dorm.;50.0;20;images/17446848.jpg;https://www.argenprop.com/static-content/84864471/74c48b33-1231-4839-9a9a-57b5119d0ff4_u_small.jpg;-3.464.551;-5.838.139;2026-01-19 22:20:36.991296;;POINT (-6498986.606603514 -4115811.112081839);3.0;Barracas;4.0;2;1075.0;20.0;False;True
18647299;https://www.argenprop.com/departamento-en-venta-en-belgrano-2-ambientes--18647299;159900.0;230000.0;58.0;1 dorm.;25.0;3522;images/18647299.jpg;https://www.argenprop.com/static-content/99274681/31e6ec32-6388-40f8-ae75-3ad5d9d39928_u_small.jpg;-3.456.247;-58.443.005;2026-01-19 01:57:22.892524;;POINT (-6505845.557028742 -4104580.3894740436);4.0;Belgrano;13.0;2;2.756.896.551.724.130;29.0;True;False
18647309;https://www.argenprop.com/departamento-en-venta-en-las-canitas-2-ambientes--18647309;159900.0;230000.0;59.0;1 dorm.;25.0;3002;images/18647309.jpg;https://www.argenprop.com/static-content/90374681/cef749bc-c0a6-444c-a490-934d257ec481_u_small.jpg;-3.456.247;-58.443.005;2026-01-19 01:57:27.962568;;POINT (-6505845.557028742 -4104580.3894740436);4.0;Belgrano;13.0;2;2.710.169.491.525.420;29.5;True;False
18876395;https://www.argenprop.com/departamento-en-venta-en-belgrano-4-ambientes--18876395;430000.0;750000.0;135.0;3 dorm.;26.0;0;images/18876395.jpg;https://proxy.sosiva451.com/proxy/732AD518FDA634D84177416925491DF4F1DEF144501A0AA69CB1FFD2BD6E78CD432238D339AA05FFDF899E95083B202E93D4A6A5DDCA5026B1E21DCE3EDFB0459D139F486E7B285F5C330094066ED5E5843289340F2DD0C5C7717A373E8BDDB3AF857C0F60753D793E3707EB31A7733C8DCDEDB8724EF6545FA00499EF2DF96C547793C3205381EBB68904F4E977B517EC9D9194D7174C867CC9D42FDFD1F59F;-3.456.271;-584.426;2026-01-17 23:35:34.118174;;POINT (-6505800.47263497 -4104612.8320389334);4.0;Belgrano;13.0;4;3.185.185.185.185.180;33.75;True;False
15717203;https://www.argenprop.com/departamento-en-venta-en-belgrano-5-ambientes--15717203;585000.0;560000.0;198.0;4 dorm.;40.0;4251;images/15717203.jpg;https://www.argenprop.com/static-content/30271751/73696108-dd47-4318-a288-5157aaa09cb3_u_small.jpg;-34.562.244;-58.449.642;2026-01-19 01:57:16.126174;;POINT (-6506584.384489136 -4104549.83947769);4.0;Belgrano;13.0;5;29.545.454.545.454.500;39.6;True;False
18193500;https://www.argenprop.com/departamento-en-venta-en-belgrano-5-ambientes--18193500;830000.0;1994000.0;160.0;4 dorm.;3.0;1500;images/18193500.jpg;https://www.argenprop.com/static-content/00539181/55c8c841-117b-457b-a653-9b41ef14f9d5_u_small.jpg;-34.561.615;-58.449.066;2026-01-19 01:58:13.672666;;POINT (-6506520.264462439 -4104464.8135974323);4.0;Belgrano;13.0;5;5187.5;32.0;True;False
18172428;https://www.argenprop.com/departamento-en-venta-en-caballito-4-ambientes--18172428;125000.0;230000.0;84.0;3 dorm.;44.0;0;images/18172428.jpg;https://www.argenprop.com/static-content/82427181/804ba2b4-df2a-4a4e-a3c1-189d6611ee1f_u_small.jpg;-3.461.421;-5.843.436;2026-01-17 17:32:05.396443;;POINT (-6504883.2000308335 -4111576.63298132);7.0;Caballito;6.0;4;1.488.095.238.095.230;21.0;True;False
17791232;https://www.argenprop.com/departamento-en-venta-en-caballito-3-ambientes--17791232;149990.0;98000.0;50.0;2 dorm.;2.0;1;images/17791232.jpg;https://proxy.sosiva451.com/proxy/7A43C567F2F44BAE796A2219A2928EA7229CC8EDDC90CD2F5930CBACC75EA02A5634F42A481A31E637E0FE363384A8A05552B9E1829DECAAF01BDADBD0562C5B5F64F6656B916290C01090F65D36B9A1BAA2D987EBB776779B2D8AAF87244122;-346.286;-584.465;2026-01-17 23:35:45.671736;;POINT (-6506234.618649065 -4113523.2126735146);7.0;Caballito;6.0;3;2999.8;16.666.666.666.666.600;True;False
17693156;https://www.argenprop.com/departamento-en-venta-en-caballito-4-ambientes--17693156;167700.0;270000.0;92.0;3 dorm.;2.0;46598;images/17693156.jpg;https://www.argenprop.com/static-content/65139671/55e079b7-5c3d-4890-bcdb-a383bd4ffd87_u_small.jpg;-3.462.698;-5.845.153;2026-01-18 22:38:43.162984;;POINT (-6506794.5556877535 -4113304.053413939);7.0;Caballito;6.0;4;18.228.260.869.565.200;23.0;True;False
17693156;https://www.argenprop.com/departamento-en-venta-en-caballito-4-ambientes--17693156;167700.0;270000.0;92.0;3 dorm.;2.0;46598;images/17693156.jpg;https://www.argenprop.com/static-content/65139671/55e079b7-5c3d-4890-bcdb-a383bd4ffd87_u_small.jpg;-3.462.698;-5.845.153;2026-01-18 22:54:38.678538;;POINT (-6506794.5556877535 -4113304.053413939);7.0;Caballito;6.0;4;18.228.260.869.565.200;23.0;True;False
17693156;https://www.argenprop.com/departamento-en-venta-en-caballito-4-ambientes--17693156;167700.0;270000.0;92.0;3 dorm.;2.0;46598;images/17693156.jpg;https://www.argenprop.com/static-content/65139671/55e079b7-5c3d-4890-bcdb-a383bd4ffd87_u_small.jpg;-3.462.698;-5.845.153;2026-01-18 23:15:20.634925;;POINT (-6506794.5556877535 -4113304.053413939);7.0;Caballito;6.0;4;18.228.260.869.565.200;23.0;True;False
17693156;https://www.argenprop.com/departamento-en-venta-en-caballito-4-ambientes--17693156;167700.0;270000.0;92.0;3 dorm.;2.0;46598;images/17693156.jpg;https://www.argenprop.com/static-content/65139671/55e079b7-5c3d-4890-bcdb-a383bd4ffd87_u_small.jpg;-3.462.698;-5.845.153;2026-01-19 01:57:02.007793;;POINT (-6506794.5556877535 -4113304.053413939);7.0;Caballito;6.0;4;18.228.260.869.565.200;23.0;True;False
18024026;https://www.argenprop.com/departamento-en-venta-en-flores-4-ambientes--18024026;167700.0;270000.0;92.0;3 dorm.;2.0;12000;images/18024026.jpg;https://www.argenprop.com/static-content/65139671/b4d342f8-94ad-426a-8182-16e47058cf96_u_small.jpg;-3.462.698;-5.845.153;2026-01-19 01:57:04.725017;;POINT (-6506794.5556877535 -4113304.053413939);7.0;Caballito;6.0;4;18.228.260.869.565.200;23.0;True;False
18641920;https://www.argenprop.com/departamento-en-venta-en-caballito-1-ambiente--18641920;75000.0;120000.0;31.0;0;20.0;2941;images/18641920.jpg;https://www.argenprop.com/static-content/02914681/5c437127-9942-4cc9-b89d-c10ab6fe72e3_u_small.jpg;-34.629.696;-58.447.063;2026-01-19 01:57:31.116321;;POINT (-6506297.291522381 -4113671.485809373);7.0;Caballito;6.0;1;24.193.548.387.096.700;31.0;True;False
18804717;https://www.argenprop.com/departamento-en-venta-en-caballito-3-ambientes--18804717;89000.0;184000.0;45.0;2 dorm.;45.0;1505;images/18804717.jpg;https://www.argenprop.com/static-content/71740881/b8b008ce-2f2d-4384-942e-c54b52913d38_u_small.jpg;-34.613.876;-58.435.883;2026-01-19 01:58:06.728076;;POINT (-6505052.739615311 -4111531.4557785233);7.0;Caballito;6.0;3;19.777.777.777.777.700;15.0;True;False
18021717;https://www.argenprop.com/departamento-en-venta-en-belgrano-3-ambientes--18021717;118000.0;196000.0;55.0;2 dorm.;35.0;3250;images/18021717.jpg;https://www.argenprop.com/static-content/71712081/1065f269-02df-4546-b054-d714cff4c9bc_u_small.jpg;-3.455.317;-58.462.357;2026-01-19 01:57:25.699755;;POINT (-6507999.811814572 -4103323.312172997);19.0;Nuñez;13.0;3;21.454.545.454.545.400;18.333.333.333.333.300;True;False
17610947;https://www.argenprop.com/departamento-en-venta-en-palermo-soho-1-ambiente--17610947;45000.0;50000.0;18.0;0;3.558.273.381.294.960;1;images/17610947.jpg;https://www.argenprop.com/static-content/74901671/9a4acf15-a6f3-4048-bbac-50766c793f89_u_small.jpg;-3.458.874;-5.843.002;2026-01-19 22:20:57.594984;;POINT (-6504400.07344079 -4108132.0544893006);20.0;Palermo;14.0;1;2500.0;18.0;True;False
18699782;https://www.argenprop.com/departamento-en-venta-en-las-canitas-1-ambiente--18699782;69600.0;90000.0;28.0;1 dorm.;35.0;2002;images/18699782.jpg;https://www.argenprop.com/static-content/28799681/07a19387-c017-47bc-a004-a5f6c5f76c43_u_small.jpg;-3.456.502;-5.843.794;2026-01-19 01:57:47.064270;;POINT (-6505281.723807873 -4104925.09651308);20.0;Palermo;14.0;2;2.485.714.285.714.280;14.0;True;False
17110256;https://www.argenprop.com/departamento-en-venta-en-palermo-2-ambientes--17110256;84900.0;100000.0;33.0;1 dorm.;50.0;1551;images/17110256.jpg;https://www.argenprop.com/static-content/65201171/e4a0132a-86b2-4f4a-a585-ed93889f09fc_u_small.jpg;-345.854;-5.841.265;2026-01-19 01:58:03.435644;;POINT (-6502466.453885712 -4107680.4291583207);20.0;Palermo;14.0;2;25.727.272.727.272.700;16.5;True;False
17928317;https://www.argenprop.com/departamento-en-venta-en-puerto-madero-3-ambientes--17928317;520000.0;150000.0;130.0;2 dorm.;16.0;7504;images/17928317.jpg;https://www.argenprop.com/static-content/71382971/c9883ba8-bc8c-4cc3-9542-400deacf13b3_u_small.jpg;-34.610.268;-58.362.907;2026-01-19 01:57:08.011833;;POINT (-6496929.088455182 -4111043.4453661987);26.0;Puerto Madero;1.0;3;4000.0;43.333.333.333.333.300;True;False
18560032;https://www.argenprop.com/departamento-en-venta-en-puerto-madero-3-ambientes--18560032;520000.0;500000.0;112.0;2 dorm.;15.0;7420;images/18560032.jpg;https://www.argenprop.com/static-content/23006581/a2e3d610-5a9f-462d-824a-3b5930e67bdc_u_small.jpg;-34.610.447;-5.836.333;2026-01-19 01:57:08.094479;;POINT (-6496976.176599787 -4111067.6560257883);26.0;Puerto Madero;1.0;3;4.642.857.142.857.140;37.333.333.333.333.300;True;False
17928350;https://www.argenprop.com/departamento-en-venta-en-recoleta-3-ambientes--17928350;420000.0;450000.0;205.0;2 dorm.;60.0;2101;images/17928350.jpg;https://www.argenprop.com/static-content/05382971/4d75af1d-a469-4fb2-a525-258272ff7816_u_small.jpg;-3.459.205;-5.839.202;2026-01-19 01:57:43.508855;;POINT (-6500169.932790646 -4108579.641216001);27.0;Recoleta;2.0;3;20.487.804.878.048.700;6.833.333.333.333.330;True;False
17053404;https://www.argenprop.com/departamento-en-venta-en-palermo-1-ambiente--17053404;58500.0;94000.0;21.0;0;42.0;2260;images/17053404.jpg;https://www.argenprop.com/static-content/40435071/ecfabece-2a69-4d75-9d7f-f1f149db2411_u_small.jpg;-3.458.851;-5.840.961;2026-01-19 01:57:40.750280;;POINT (-6502128.0426337 -4108100.9539593556);27.0;Recoleta;2.0;1;2.785.714.285.714.280;21.0;True;False
18560591;https://www.argenprop.com/departamento-en-venta-en-recoleta-2-ambientes--18560591;75000.0;0.0;35.0;1 dorm.;50.0;0;images/18560591.jpg;https://proxy.sosiva451.com/proxy/CD7BD6A45394E55A6F8E5083E6834EB48D56CAD9741933D659FA91ED441136AB80A203061B5EFF5860F898929980A78024906550DC6F67F8C22EE29A718C39E27C765C904D77CCA860370305E22EAF5A0EF32E78C39B1DCFB8FE00D9B5C902B2;-3.459.275;-583.794;2026-01-17 23:35:34.633041;;POINT (-6498765.080816835 -4108674.2993035517);28.0;Retiro;1.0;2;21.428.571.428.571.400;17.5;True;False
17686087;https://www.argenprop.com/departamento-en-venta-en-retiro-1-ambiente--17686087;76900.0;180000.0;23.0;0;40.0;1;images/17686087.jpg;https://proxy.sosiva451.com/proxy/F8791C649D31560510817AD1C5A7361342BC3303296E5D995DF23500B514EFB5D4ECFB1C0D99D60F6F86EE6E4EDC59E97943A2B1635812597E0E9F2A82ED5CB1959C7A6AA93F0662FC87F9E0A8295D87BF68CF1C06C9435E1364B3DE2EB4C09E;-3.458.811;-5.838.368;2026-01-17 23:35:37.674361;;POINT (-6499241.52823743 -4108046.8662862396);28.0;Retiro;1.0;1;3.343.478.260.869.560;23.0;True;False
18622660;https://www.argenprop.com/departamento-en-venta-en-saavedra-3-ambientes--18622660;185000.0;320000.0;60.0;2 dorm.;10.0;2500;images/18622660.jpg;https://www.argenprop.com/static-content/06622681/e5b9cb31-3567-49db-9f3d-4275c8c5cad7_u_small.jpg;-34.553.726;-58.473.938;2026-01-19 01:57:37.657896;;POINT (-6509289.002837449 -4103398.462522239);29.0;Saavedra;12.0;3;30.833.333.333.333.300;20.0;True;False
18854212;https://www.argenprop.com/ph-en-venta-en-villa-del-parque-3-ambientes--18854212;129500.0;0.0;70.0;2 dorm.;27.15;3300;images/18854212.jpg;https://www.argenprop.com/static-content/21245881/c0b7b5de-e709-4b99-9266-8a2c25c65ad1_u_small.jpg;-346.067;-5.848.924;2026-01-19 01:57:25.635235;;POINT (-6510992.413685568 -4110560.8661248945);36.0;Villa Del Parque;11.0;3;1850.0;23.333.333.333.333.300;False;True
8096394;https://www.argenprop.com/ph-en-venta-en-villa-del-parque-5-ambientes--8096394;300000.0;0.0;120.0;4 dorm.;10.0;8;images/8096394.jpg;https://proxy.sosiva451.com/proxy/9879EBCF400F4749107A3F911220FC216D6A5B50741A677AB452FA987D82D9FF4DF20F2AA81877DD1AD294E2127C7F83D3078BE4CE520637A0CA0C4E8BBB33FF0FF61396D8F016CF407EDABB02B5CAAA426E06F46B1046CFE239CEED219E1D74;-3.460.149;-5.850.083;2026-01-17 23:35:33.579233;;POINT (-6512282.606583863 -4109856.240296226);36.0;Villa Del Parque;11.0;5;2500.0;24.0;False;True
17821604;https://www.argenprop.com/departamento-en-venta-en-villa-del-parque-1-ambiente--17821604;46200.0;0.0;16.0;1 dorm.;27.15;1;images/17821604.jpg;https://www.argenprop.com/static-content/40612871/db950ff8-a034-4fa9-a207-277c89d29a36_u_small.jpg;-34.604.866;-58.490.555;2026-01-19 22:21:11.843410;;POINT (-6511138.798815962 -4110312.8219716586);36.0;Villa Del Parque;11.0;2;2887.5;8.0;True;False
16384088;https://www.argenprop.com/departamento-en-venta-en-villa-del-parque-2-ambientes--16384088;49000.0;62000.0;32.0;1 dorm.;35.0;1;images/16384088.jpg;https://www.argenprop.com/static-content/88048361/4debb5cc-b4b0-4960-bc4d-fac40b186077_u_small.jpg;-34.604.263;-5.850.199;2026-01-19 22:21:36.314946;;POINT (-6512411.737193183 -4110231.268847541);36.0;Villa Del Parque;11.0;2;1531.25;16.0;True;False
17278224;https://www.argenprop.com/departamento-en-venta-en-villa-del-parque-1-ambiente--17278224;52000.0;60000.0;28.0;0;27.15;1099;images/17278224.jpg;https://www.argenprop.com/static-content/42287271/c7e32a95-2d8a-498b-bbd3-360c54b0f7c1_u_small.jpg;-3.460.631;-5.849.323;2026-01-19 01:58:44.449081;;POINT (-6511436.578453833 -4110508.1190906023);36.0;Villa Del Parque;11.0;1;1.857.142.857.142.850;28.0;True;False
18598162;https://www.argenprop.com/departamento-en-venta-en-villa-devoto-2-ambientes--18598162;115000.0;40000.0;43.0;1 dorm.;15.0;3500;images/18598162.jpg;https://www.argenprop.com/static-content/26189581/c4c95e59-bb93-467b-8088-1d9eab895d2c_u_small.jpg;-3.460.581;-5.850.337;2026-01-19 01:57:23.623736;;POINT (-6512565.358090476 -4110440.495050073);37.0;Villa Devoto;11.0;2;26.744.186.046.511.600;21.5;True;False
17710277;https://www.argenprop.com/ph-en-venta-en-villa-devoto-2-ambientes--17710277;119900.0;0.0;40.0;1 dorm.;3.142.105.263.157.890;1;images/17710277.jpg;https://proxy.sosiva451.com/proxy/9ED374ECF40A7011775EFF8D295F8D5F7518BE21267959E794F16A42DED30D2BD0112F42BCC45A8D848A65C67BC873F6E3EE17AE4B4512F9FB37EF20CCCAD8D98EDB63293742BC3BB3305BCB087943A7D1005489D4F5EB8FB9BFA9DA9F027688;-3.461.163;-5.851.991;2026-01-17 23:35:37.690132;;POINT (-6514406.582468198 -4111227.664099703);37.0;Villa Devoto;11.0;2;2997.5;20.0;False;True
18541596;https://www.argenprop.com/ph-en-venta-en-villa-devoto-4-ambientes--18541596;155000.0;0.0;80.0;3 dorm.;35.0;1105;images/18541596.jpg;https://www.argenprop.com/static-content/69514581/13a3c2ab-b8ab-4544-a422-e4cd2f33033e_u_small.jpg;-3.461.666;-5.851.483;2026-01-19 01:58:39.727277;;POINT (-6513841.079454968 -4111908.028199784);37.0;Villa Devoto;11.0;4;1937.5;20.0;False;True
14685014;https://www.argenprop.com/ph-en-venta-en-villa-devoto-6-ambientes--14685014;173000.0;0.0;120.0;5 dorm.;38.0;50;images/14685014.jpg;https://proxy.sosiva451.com/proxy/9C3B5CF8CFA408FE1E64085F514592C6CA492312F326C3D0B68F2B19114EAFC4FAA078953BFEFAE0B43751312D91051DF2657B83D53A0D340D013D01E4B04E1F7770E580C8251FD159886D728D78A353278BC86970239DD0EC8E777C638669D4;-3.461.619;-5.851.432;2026-01-17 23:35:33.767910;;POINT (-6513784.306514663 -4111844.453664947);37.0;Villa Devoto;11.0;6;14.416.666.666.666.600;20.0;False;True
17066645;https://www.argenprop.com/ph-en-venta-en-villa-devoto-4-ambientes--17066645;185000.0;0.0;132.0;3 dorm.;40.0;1581;images/17066645.jpg;https://www.argenprop.com/static-content/54666071/6f59b3e3-5b23-47e7-9b84-04fb19b4d830_u_small.jpg;-34.614.784;-58.518.734;2026-01-19 01:58:02.501793;;POINT (-6514275.670747026 -4111654.273269434);37.0;Villa Devoto;11.0;4;14.015.151.515.151.500;33.0;False;True
16583686;https://www.argenprop.com/departamento-en-venta-en-villa-devoto-5-ambientes--16583686;310000.0;0.0;147.0;4 dorm.;40.0;3200;images/16583686.jpg;https://proxy.sosiva451.com/proxy/38F4266DB6766F64E55B96D4206BCBC8A0D4E00550124D58929A1475181ABF4468657FD2F6F3F0C2E4D94F4F7B65CCD5C0D5B0177E770FB8C6BA226E7E978568BFD7E7D77E4A4F19C0F6313DB85F2A206785F084B71D29DE83B524DDFC6D5E3B;-3.459.724;-5.851.424;2026-01-17 23:35:36.201296;;POINT (-6513775.4009553995 -4109281.4822888537);37.0;Villa Devoto;11.0;5;2.108.843.537.414.960;29.4;True;False
16583686;https://www.argenprop.com/departamento-en-venta-en-villa-devoto-5-ambientes--16583686;310000.0;0.0;147.0;4 dorm.;40.0;3200;images/16583686.jpg;https://www.argenprop.com/static-content/68638561/d6de2027-c8d3-4561-b138-c5c55c410fd1_u_small.jpg;-3.459.724;-5.851.424;2026-01-19 01:57:26.571424;;POINT (-6513775.4009553995 -4109281.4822888537);37.0;Villa Devoto;11.0;5;2.108.843.537.414.960;29.4;True;False
18061708;https://www.argenprop.com/casa-en-venta-en-villa-devoto-5-ambientes--18061708;320000.0;0.0;152.0;4 dorm.;3.0;5010;images/18061708.jpg;https://www.argenprop.com/static-content/80716081/27e1000c-00a1-4e7d-a04e-58efd64c1e05_u_small.jpg;-34.612.156;-5.852.632;2026-01-19 01:57:12.602676;;POINT (-6515120.1404041825 -4111298.809588431);37.0;Villa Devoto;11.0;5;21.052.631.578.947.300;30.4;False;False
18775927;https://www.argenprop.com/departamento-en-venta-en-villa-devoto-4-ambientes--18775927;370000.0;700000.0;106.24;3 dorm.;51.0;1100;images/18775927.jpg;https://www.argenprop.com/static-content/72957781/27edb520-52c0-4f94-88aa-2cd0f985d296_u_small.jpg;-3.459.746;-5.851.198;2026-01-19 01:58:42.722689;;POINT (-6513523.818906208 -4109311.2337462786);37.0;Villa Devoto;11.0;4;34.826.807.228.915.600;26.56;True;False
18054750;https://www.argenprop.com/departamento-en-venta-en-villa-devoto-4-ambientes--18054750;499900.0;800000.0;123.0;3 dorm.;17.0;1369;images/18054750.jpg;https://www.argenprop.com/static-content/05745081/e16f523c-a374-4a1e-927b-d758bccf7996_u_small.jpg;-34.598.118;-5.851.203;2026-01-19 01:58:20.415237;;POINT (-6513529.384880747 -4109400.2181210597);37.0;Villa Devoto;11.0;4;40.642.276.422.764.200;30.75;True;False
18723062;https://www.argenprop.com/departamento-en-venta-en-barrio-san-pedro-2-ambientes--18723062;80000.0;137000.0;34.0;1 dorm.;45.0;4500;images/18723062.jpg;https://www.argenprop.com/static-content/26032781/d7b13ad9-bcfd-4f79-991d-a93ba1c0058a_u_small.jpg;-3.459.599;-5.850.482;2026-01-19 01:57:14.985144;;POINT (-6512726.771352127 -4109112.441412884);37.0;Villa Devoto;11.0;2;23.529.411.764.705.800;17.0;True;False
17961674;https://www.argenprop.com/departamento-en-venta-en-belgrano-r-3-ambientes--17961674;119000.0;181185.0;45.0;2 dorm.;70.0;2500;images/17961674.jpg;https://www.argenprop.com/static-content/47616971/817f4ebe-6074-4483-939c-1a7ab0b49470_u_small.jpg;-3.457.762;-58.468.403;2026-01-19 01:57:37.505548;;POINT (-6508672.849455909 -4106628.5099939476);41.0;Villa Ortuzar;15.0;3;26.444.444.444.444.400;15.0;True;False
10869570;https://www.argenprop.com/departamento-en-venta-en-villa-urquiza-2-ambientes--10869570;125000.0;0.0;55.0;1 dorm.;2.0;1602;images/10869570.jpg;https://www.argenprop.com/static-content/07596801/fbeffbe8-163b-47de-a933-8861af8a79db_u_small.jpg;-3.458.392;-584.665;2026-01-19 01:58:00.501593;;POINT (-6508461.00846493 -4107480.3135579773);41.0;Villa Ortuzar;15.0;2;22.727.272.727.272.700;27.5;True;False
17246851;https://www.argenprop.com/departamento-en-venta-en-villa-ortuzar-2-ambientes--17246851;129000.0;0.0;55.0;1 dorm.;2.0;20;images/17246851.jpg;https://proxy.sosiva451.com/proxy/85F9A2224534CD24410632E1674BAD6A5931AE694E479E5CE11872274DDFF951CBC961A6AF5CB7AE3A10219D0747C426E5124A51D99E65798FC2DF77859CD0F06EDC36AB6CC740D7B2A1AB5A6C5BE942341907A0F5294AEE44EEE30B1D1068A4;-3.458.245;-584.673;2026-01-17 23:35:45.536243;;POINT (-6508550.064057563 -4107281.5536178267);41.0;Villa Ortuzar;15.0;2;23.454.545.454.545.400;27.5;True;False
18672019;https://www.argenprop.com/departamento-en-venta-en-villa-urquiza-3-ambientes--18672019;170000.0;135000.0;68.0;2 dorm.;19.0;3000;images/18672019.jpg;https://www.argenprop.com/static-content/91027681/febab534-574e-4829-9b67-f49633f59217_u_small.jpg;-34.578.766;-5.846.913;2026-01-19 01:57:29.927165;;POINT (-6508753.778725715 -4106783.4523144173);41.0;Villa Ortuzar;15.0;3;2500.0;22.666.666.666.666.600;True;False
18672315;https://www.argenprop.com/departamento-en-venta-en-villa-ortuzar-3-ambientes--18672315;170000.0;135000.0;68.0;2 dorm.;19.0;1529;images/18672315.jpg;https://www.argenprop.com/static-content/51327681/c78426fe-2a00-4e25-9943-2ed490718601_u_small.jpg;-34.578.766;-5.846.913;2026-01-19 01:58:04.388677;;POINT (-6508753.778725715 -4106783.4523144173);41.0;Villa Ortuzar;15.0;3;2500.0;22.666.666.666.666.600;True;False
18557045;https://www.argenprop.com/departamento-en-venta-en-villa-ortuzar-1-ambiente--18557045;50000.0;0.0;23.0;0;60.0;0;images/18557045.jpg;https://www.argenprop.com/static-content/54075581/6fbdb88c-8af0-4465-9ec1-9381ca9d7262_u_small.jpg;-34.581.757;-58.468.796;2026-01-19 22:21:55.669950;;POINT (-6508716.598015791 -4107187.8537225174);41.0;Villa Ortuzar;15.0;1;2.173.913.043.478.260;23.0;True;False
18619912;https://www.argenprop.com/departamento-en-venta-en-villa-ortuzar-1-ambiente--18619912;88000.0;0.0;32.0;0;35.0;1455;images/18619912.jpg;https://www.argenprop.com/static-content/21991681/75131c6c-fc6c-4f8e-9533-993b726df548_u_small.jpg;-3.457.737;-58.465.508;2026-01-19 01:58:15.689879;;POINT (-6508350.579530062 -4106594.7095970446);41.0;Villa Ortuzar;15.0;1;2750.0;32.0;True;False
12992339;https://www.argenprop.com/casa-en-venta-en-villa-ortuzar-6-ambientes--12992339;890000.0;0.0;417.0;5 dorm.;25.0;21;images/12992339.jpg;https://proxy.sosiva451.com/proxy/72F9E35946C8B505BCB253A2B8C7C89FEA74BBD3A73386C654920F33EAC9037B4E2014FECC7A9E88D44FBA93E9DB734657F95D379E4657BCCB5C82D499F87D407436448C27439A1B4E807417F7661C81649A4C7E2DDC74B1D83987D9D6063AEA;-3.457.835;-5.846.617;2026-01-17 23:35:34.803765;;POINT (-6508424.273032967 -4106727.207734706);41.0;Villa Ortuzar;15.0;6;2.134.292.565.947.240;69.5;False;False
18150710;https://www.argenprop.com/departamento-en-venta-en-villa-pueyrredon-2-ambientes--18150710;48000.0;10000.0;26.0;1 dorm.;40.0;2;images/18150710.jpg;https://www.argenprop.com/static-content/01705181/cf94e121-81e3-48f8-970c-e84ed41979f6_u_small.jpg;-3.458.064;-5.849.835;2026-01-19 22:21:21.177606;;POINT (-6512006.534246695 -4107036.826820061);42.0;Villa Pueyrredon;12.0;2;18.461.538.461.538.400;13.0;True;False
18875522;https://www.argenprop.com/departamento-en-venta-en-villa-pueyrredon-2-ambientes--18875522;57000.0;50000.0;35.0;1 dorm.;23.933.333.333.333.300;300;;/content/images/listing-camera.svg;-3.458.065;-584.986;2026-01-17 20:55:06.476364;;POINT (-6512034.364119393 -4107038.178887175);42.0;Villa Pueyrredon;12.0;2;16.285.714.285.714.200;17.5;True;False
18021727;https://www.argenprop.com/departamento-en-venta-en-villa-santa-rita-2-ambientes--18021727;65000.0;90000.0;38.0;1 dorm.;40.0;1;images/18021727.jpg;https://proxy.sosiva451.com/proxy/FBA8AFEA6CCBA1275A769F1460817544009F2C7DC13F0B7AB2F53B238C2350D270B67ADCD06290609164B547F3981F1A8F07CAF2451B4A943CCAEF0468F925A1A135622F74B73A8C3C4696EF3388A5E1AC39E6FAEF1A9FA4E6440641D135080F;-3.462.057;-5.847.474;2026-01-17 23:35:40.079977;;POINT (-6509378.281069066 -4112436.928178861);45.0;Villa Santa Rita;11.0;2;17.105.263.157.894.700;19.0;True;False
17826558;https://www.argenprop.com/departamento-en-venta-en-villa-urquiza-1-ambiente--17826558;109000.0;130000.0;35.0;0;3.0;1200;images/17826558.jpg;https://proxy.sosiva451.com/proxy/C08B09E1EA0B55407D6F823C75CB61999655ED7E453EBDDF1D6571B6F4A7D7E6E989F876EF7B522E5F7E8267D0C8B2313FCDA66C8926EED4573F2027B18658525EDAD37218ECC73E4FD0E264643ED21950424B06B510B3FA47EA2318824BFC07;-3.458.001;-5.848.908;2026-01-17 23:35:42.579701;;POINT (-6510974.602567041 -4106951.6469197953);47.0;Villa Urquiza;12.0;1;3.114.285.714.285.710;35.0;True;False
17826558;https://www.argenprop.com/departamento-en-venta-en-villa-urquiza-1-ambiente--17826558;109000.0;130000.0;35.0;0;3.0;1200;images/17826558.jpg;https://www.argenprop.com/static-content/85562871/be2779d3-3121-4ba8-96dc-b01915b3889f_u_small.jpg;-3.458.001;-5.848.908;2026-01-19 01:58:32.099724;;POINT (-6510974.602567041 -4106951.6469197953);47.0;Villa Urquiza;12.0;1;3.114.285.714.285.710;35.0;True;False
17832261;https://www.argenprop.com/ph-en-venta-en-villa-urquiza-3-ambientes--17832261;120000.0;0.0;60.0;2 dorm.;15.0;0;images/17832261.jpg;https://proxy.sosiva451.com/proxy/96D879A420D263CFB8F3406BE2CDDA09103DD4F2F466F9B5A7448ED2742E65A9BC057CA69DE0550C41EEBE4D18006170A2DEC29E40DF94860C0871470463A59C0C1DFFABCA999177E16A8400BD0762D20396650F429DE3B4810C6BEAF28BD807;-3.457.578;-5.849.197;2026-01-17 23:35:33.720529;;POINT (-6511296.3158954345 -4106379.7414519074);47.0;Villa Urquiza;12.0;3;2000.0;20.0;False;True
17840935;https://www.argenprop.com/ph-en-venta-en-villa-urquiza-3-ambientes--17840935;140000.0;0.0;56.0;2 dorm.;25.0;401;images/17840935.jpg;https://proxy.sosiva451.com/proxy/2B7F3117DCFC6B1C7E1D0085B0BE05A7C00D4FEF824BA932F5B58785BA737A7C491B166FE2CE4DBE7107B83EF30DD0DC568FD83078850347EC120B25880E3701C21A02F01774B7E7804E2610C3598B8D9D0622E031A1F7850977B2B0F027B775;-3.457.578;-5.849.197;2026-01-17 23:35:33.398751;;POINT (-6511296.3158954345 -4106379.7414519074);47.0;Villa Urquiza;12.0;3;2500.0;18.666.666.666.666.600;False;True
11016585;https://www.argenprop.com/departamento-en-venta-en-villa-urquiza-3-ambientes--11016585;161000.0;250000.0;56.0;2 dorm.;15.0;500;images/11016585.jpg;https://proxy.sosiva451.com/proxy/609757E5FFFBA931ECFEC150258EF6FEC272CDE9FBE81E443F0F30105B6A2065B031F9383434C0D22CC91007E2E4F394BEE2E4D03F2CEA37323EEAD5748C75E7C095CBB3AFA2387DF1C81FA399A95CDF98593CE2740A04817F461D4E3A66C2EB;-3.457.095;-5.848.033;2026-01-17 23:35:47.651712;;POINT (-6510000.557022601 -4105726.750225113);47.0;Villa Urquiza;12.0;3;2875.0;18.666.666.666.666.600;True;False
16885838;https://www.argenprop.com/casa-en-venta-en-villa-urquiza-4-ambientes--16885838;397000.0;0.0;153.0;3 dorm.;4.0;1226;images/16885838.jpg;https://www.argenprop.com/static-content/83858861/451775cd-2ccb-4bc1-a36d-2ca60b3f4293_u_small.jpg;-34.582;-5.848.676;2026-01-19 01:58:28.571113;;POINT (-6510716.341348401 -4107220.7094410146);47.0;Villa Urquiza;12.0;4;25.947.712.418.300.600;38.25;False;False
