id,url,precio,expensas,area_m2,dormitorios,antiguedad,puntaje_arg_prop,imagen_path,image_url,lat,lon,valido_desde,valido_hasta,geometry,index_right,barrio,comuna,ambientes,moneda
17197189,https://www.argenprop.com/departamento-en-alquiler-en-recoleta-1-ambiente--17197189,700000.0,150000.0,28.0,0,60.0,3440.0,images/17197189.jpg,https://www.argenprop.com/static-content/98179171/ecd0eec5-462c-400e-9cc4-7b4a527808bf_u_small.jpg,6171620.221696267,372436.28016116295,2026-01-27 19:05:20.636338,,POINT (372436.28016116295 6171620.221696267),27.0,Recoleta,2.0,1,$
18789220,https://www.argenprop.com/departamento-en-alquiler-en-recoleta-1-ambiente--18789220,570000.0,199000.0,35.0,0,0.0,3326.0,images/18789220.jpg,https://www.argenprop.com/static-content/02298781/9aa083aa-0da7-4183-bd77-ff6c27afb0b4_u_small.jpg,6171163.303968135,370842.8378595135,2026-01-27 19:05:20.636338,2026-02-01 19:11:47.206637,POINT (370842.8378595135 6171163.303968135),27.0,Recoleta,2.0,1,$
18470827,https://www.argenprop.com/departamento-en-alquiler-en-belgrano-2-ambientes--18470827,650000.0,150000.0,55.0,1 dorm.,15.0,3050.0,images/18470827.jpg,https://www.argenprop.com/static-content/72807481/e14e2acc-a894-4b5c-a595-3df61c2e2244_u_small.jpg,6173980.73601043,364857.58106573333,2026-01-27 19:05:20.636338,,POINT (364857.58106573333 6173980.73601043),47.0,Villa Urquiza,12.0,2,$
18745414,https://www.argenprop.com/departamento-en-alquiler-en-recoleta-3-ambientes--18745414,1200000.0,190000.0,66.0,2 dorm.,30.0,2406.0,images/18745414.jpg,https://www.argenprop.com/static-content/41454781/9e6986f4-169e-44da-b72c-cb78d5ce5ab4_u_small.jpg,6170038.845084121,373269.77320589696,2026-01-27 19:05:20.636338,2026-02-01 19:13:55.115156,POINT (373269.77320589696 6170038.845084121),31.0,San Nicolas,1.0,3,$
18752280,https://www.argenprop.com/departamento-en-alquiler-en-flores-2-ambientes--18752280,800000.0,160000.0,40.3,1 dorm.,0.0,2010.0,images/18752280.jpg,https://www.argenprop.com/static-content/08225781/6efca6e6-b0d7-4f7b-9fec-caac3a290645_u_small.jpg,6166545.327713921,364929.4937177078,2026-01-27 19:05:20.636338,,POINT (364929.4937177078 6166545.327713921),13.0,Floresta,10.0,2,$
18642790,https://www.argenprop.com/departamento-en-alquiler-en-recoleta-3-ambientes--18642790,950000.0,123000.0,64.0,2 dorm.,50.0,2000.0,images/18642790.jpg,https://www.argenprop.com/static-content/09724681/c79d49d7-455d-4149-8484-84abbaa86313_u_small.jpg,6171114.046698863,370810.5032694675,2026-01-27 19:05:20.636338,2026-02-01 19:17:33.276775,POINT (370810.5032694675 6171114.046698863),27.0,Recoleta,2.0,3,$
18179177,https://www.argenprop.com/departamento-en-alquiler-en-cid-campeador-3-ambientes--18179177,700000.0,150000.0,54.0,2 dorm.,50.0,1896.0,images/18179177.jpg,https://www.argenprop.com/static-content/77197181/b79b2385-109c-404e-8bdf-d428227cb17a_u_small.jpg,6168995.454043407,367830.2310860257,2026-01-27 19:05:20.636338,2026-02-01 19:18:23.886543,POINT (367830.2310860257 6168995.454043407),7.0,Caballito,6.0,3,$
18751031,https://www.argenprop.com/departamento-en-alquiler-en-caballito-norte-1-ambiente--18751031,750000.0,160000.0,29.0,0,0.0,1949.0,images/18751031.jpg,https://www.argenprop.com/static-content/13015781/e62cbdd1-4305-4e47-aa02-9478aec011c2_u_small.jpg,6169184.563471916,367867.8806450154,2026-02-01 19:09:53.351976,,POINT (367867.8806450154 6169184.563471916),7.0,Caballito,6.0,1,$
8015472,https://www.argenprop.com/departamento-en-alquiler-en-barrio-norte-1-ambiente--8015472,500000.0,103000.0,27.3,0,38.0,1500.0,images/8015472.jpg,https://www.argenprop.com/static-content/2745108/84e30eac-c689-4231-9bdf-9be7ca5fb12d_u_small.jpg,6170489.051189229,371730.94512631337,2026-01-27 19:05:20.636338,,POINT (371730.94512631337 6170489.051189229),27.0,Recoleta,2.0,1,$
18674330,https://www.argenprop.com/departamento-en-alquiler-en-microcentro-1-ambiente--18674330,400000.0,105000.0,45.0,0,0.0,1391.0,images/18674330.jpg,https://www.argenprop.com/static-content/03347681/752af163-125d-470b-99d1-fb84b6212713_u_small.jpg,6169406.287236176,373166.55483234365,2026-01-27 19:05:20.636338,2026-02-01 19:23:44.928982,POINT (373166.55483234365 6169406.287236176),16.0,Monserrat,1.0,1,$
18705075,https://www.argenprop.com/departamento-en-alquiler-en-cid-campeador-1-ambiente--18705075,550000.0,125000.0,34.0,0,15.0,1294.0,images/18705075.jpg,https://www.argenprop.com/static-content/57050781/bf4fbd69-8a60-4fe8-847a-bdca2e084d5b_u_small.jpg,6169166.231198683,367671.8816878911,2026-01-27 19:05:20.636338,2026-02-01 19:24:49.086938,POINT (367671.8816878911 6169166.231198683),7.0,Caballito,6.0,1,$
18679346,https://www.argenprop.com/departamento-en-alquiler-en-cid-campeador-3-ambientes--18679346,950000.0,200000.0,60.0,2 dorm.,50.0,1131.0,images/18679346.jpg,https://www.argenprop.com/static-content/64397681/e5e320df-c41e-4c1c-8409-4495658e9bd9_u_small.jpg,6169223.313531205,367862.7413569029,2026-01-27 19:05:20.636338,2026-02-01 19:27:26.517642,POINT (367862.7413569029 6169223.313531205),7.0,Caballito,6.0,3,$
12591762,https://www.argenprop.com/departamento-en-alquiler-en-palermo--12591762,700000.0,113000.0,40.0,1 dorm.,0.0,1100.0,images/12591762.jpg,https://www.argenprop.com/static-content/26719521/8acce777-8102-4a51-a660-585ee3a6b0c6_u_small.jpg,6172785.888810696,368699.03881547105,2026-01-27 19:05:20.636338,2026-02-01 19:29:21.493320,POINT (368699.03881547105 6172785.888810696),20.0,Palermo,14.0,2,$
18324288,https://www.argenprop.com/departamento-en-alquiler-en-congreso-2-ambientes--18324288,440000.0,119000.0,35.0,1 dorm.,0.0,1050.0,images/18324288.jpg,https://www.argenprop.com/static-content/88242381/98cff5e0-e4d9-439f-ada8-ff440d1a8753_u_small.jpg,6169870.346895022,372953.8321861669,2026-01-27 19:05:20.636338,2026-02-01 19:30:39.708183,POINT (372953.8321861669 6169870.346895022),31.0,San Nicolas,1.0,2,$
18610027,https://www.argenprop.com/departamento-en-alquiler-en-monserrat-1-ambiente--18610027,480000.0,270000.0,27.0,0,10.0,1034.0,images/18610027.jpg,https://www.argenprop.com/static-content/72001681/1bc36dcb-a107-4174-b431-a0a71c80dd8c_u_small.jpg,6168604.293597629,373326.11313935847,2026-01-27 19:05:20.636338,,POINT (373326.11313935847 6168604.293597629),16.0,Monserrat,1.0,1,$
16963757,https://www.argenprop.com/departamento-en-alquiler-en-recoleta-1-ambiente--16963757,450000.0,100000.0,26.0,1 dorm.,40.0,1000.0,images/16963757.jpg,https://www.argenprop.com/static-content/75736961/2f81c8d0-6704-41f7-930c-d8654f1f6b6b_u_small.jpg,6171799.422759306,372803.4981045744,2026-01-27 19:05:20.636338,2026-02-01 19:32:38.112052,POINT (372803.4981045744 6171799.422759306),27.0,Recoleta,2.0,2,$
18678781,https://www.argenprop.com/departamento-en-alquiler-en-san-telmo-2-ambientes--18678781,765000.0,0.0,48.0,1 dorm.,4.0,1000.0,images/18678781.jpg,https://www.argenprop.com/static-content/18787681/8faf722e-ff9f-40ac-9219-c42008f7f4ae_u_small.jpg,6169026.93312169,373571.3218651162,2026-01-27 19:05:20.636338,,POINT (373571.3218651162 6169026.93312169),16.0,Monserrat,1.0,2,$
18542292,https://www.argenprop.com/departamento-en-alquiler-en-monserrat-2-ambientes--18542292,800000.0,100000.0,35.0,1 dorm.,5.0,985.0,images/18542292.jpg,https://www.argenprop.com/static-content/29224581/0288ac1a-a7ed-431c-b05c-64f5a1aa7e91_u_small.jpg,6168599.775043401,373158.3604371143,2026-01-27 19:05:20.636338,2026-02-01 19:34:54.281902,POINT (373158.3604371143 6168599.775043401),16.0,Monserrat,1.0,2,$
2855331,https://www.argenprop.com/departamento-en-alquiler-en-san-nicolas-1-ambiente--2855331,420000.0,115000.0,36.0,0,35.0,930.0,images/2855331.jpg,https://www.argenprop.com/static-content/1335582/f9b4ae53-c57d-4d9a-8a05-6b72e56ccae5_u_small.jpg,6169880.462604843,373448.95254503953,2026-01-27 19:05:20.636338,,POINT (373448.95254503953 6169880.462604843),31.0,San Nicolas,1.0,1,$
18312441,https://www.argenprop.com/departamento-en-alquiler-en-belgrano-r-1-ambiente--18312441,500000.0,0.0,20.0,0,16.666666666666668,913.0,images/18312441.jpg,https://www.argenprop.com/static-content/14421381/83cb8006-1c23-4480-bd58-d153b159124a_u_small.jpg,6173567.330473581,365033.36214232654,2026-01-27 19:05:20.636338,,POINT (365033.36214232654 6173567.330473581),47.0,Villa Urquiza,12.0,1,$
18401569,https://www.argenprop.com/departamento-en-alquiler-en-barrio-norte-1-ambiente--18401569,350000.0,135000.0,28.0,0,8.0,866.0,images/18401569.jpg,https://www.argenprop.com/static-content/96510481/e3d72902-76a8-4cf8-8d23-586e7171f29b_u_small.jpg,6170306.204556791,371871.6103889368,2026-01-27 19:05:20.636338,,POINT (371871.6103889368 6170306.204556791),2.0,Balvanera,3.0,1,$
18790749,https://www.argenprop.com/departamento-en-alquiler-en-balvanera-2-ambientes--18790749,450000.0,106000.0,46.0,1 dorm.,40.0,856.0,images/18790749.jpg,https://www.argenprop.com/static-content/94709781/334abf95-c03a-406f-a977-50d4e19b8ad7_u_small.jpg,6170298.836273089,371396.6043387913,2026-01-27 19:05:20.636338,2026-02-01 19:38:03.473134,POINT (371396.6043387913 6170298.836273089),2.0,Balvanera,3.0,2,$
18431345,https://www.argenprop.com/departamento-en-alquiler-en-floresta-1-ambiente--18431345,400000.0,86000.0,23.0,1 dorm.,8.0,790.0,images/18431345.jpg,https://www.argenprop.com/static-content/54313481/80696115-3c58-4285-a79c-6f117eadfbdf_u_small.jpg,6167427.8968464555,363467.8010147853,2026-01-27 19:05:20.636338,2026-02-01 19:41:02.061360,POINT (363467.8010147853 6167427.8968464555),13.0,Floresta,10.0,2,$
11842935,https://www.argenprop.com/departamento-en-alquiler-en-belgrano-r-2-ambientes--11842935,650000.0,188000.0,40.0,1 dorm.,50.0,785.0,images/11842935.jpg,https://www.argenprop.com/static-content/53924811/5c337336-f37f-4eaa-82f3-785050d29870_u_small.jpg,6173720.88209657,365218.30923488503,2026-01-27 19:05:20.636338,2026-02-01 19:41:06.999535,POINT (365218.30923488503 6173720.88209657),4.0,Belgrano,13.0,2,$
18807711,https://www.argenprop.com/departamento-en-alquiler-en-palermo-2-ambientes--18807711,550000.0,130000.0,35.0,1 dorm.,45.0,782.0,images/18807711.jpg,https://www.argenprop.com/static-content/11770881/52eb8f8e-e4bd-49c1-b4bc-b587a4e4b177_u_small.jpg,6172886.328474117,368898.5401552971,2026-01-27 19:05:20.636338,2026-02-01 19:41:18.873188,POINT (368898.5401552971 6172886.328474117),20.0,Palermo,14.0,2,$
18485097,https://www.argenprop.com/departamento-en-alquiler-en-balvanera-1-ambiente--18485097,650000.0,90000.0,40.0,0,0.0,726.0,images/18485097.jpg,https://www.argenprop.com/static-content/79058481/c233e736-8595-4716-958d-bca2ba9bf890_u_small.jpg,6170384.476040181,371628.7509803957,2026-01-27 19:05:20.636338,,POINT (371628.7509803957 6170384.476040181),2.0,Balvanera,3.0,1,$
18290193,https://www.argenprop.com/departamento-en-alquiler-en-flores-1-ambiente--18290193,550000.0,0.0,32.0,0,0.0,721.0,images/18290193.jpg,https://www.argenprop.com/static-content/39109281/9768ca57-ce58-4b27-bcf9-e7921eb367d6_u_small.jpg,6166545.327713921,364929.4937177078,2026-01-27 19:05:20.636338,,POINT (364929.4937177078 6166545.327713921),13.0,Floresta,10.0,1,$
18717071,https://www.argenprop.com/departamento-en-alquiler-en-villa-devoto-4-ambientes--18717071,1700000.0,172000.0,94.0,3 dorm.,2.0,720.0,images/18717071.jpg,https://www.argenprop.com/static-content/17071781/dbacd947-d79e-492b-b53c-6b8dbcb0dec4_u_small.jpg,6170414.403797053,361551.5607356748,2026-01-27 19:05:20.636338,2026-02-01 19:44:06.101798,POINT (361551.5607356748 6170414.403797053),37.0,Villa Devoto,11.0,4,$
18702756,https://www.argenprop.com/departamento-en-alquiler-en-flores-sur-1-ambiente--18702756,520000.0,120000.0,37.0,0,12.0,600.0,images/18702756.jpg,https://www.argenprop.com/static-content/65720781/cc3d1a33-e44b-410f-a48b-35f4d55ecf2e_u_small.jpg,6166766.633755557,365271.9238709482,2026-01-27 19:05:20.636338,,POINT (365271.9238709482 6166766.633755557),12.0,Flores,7.0,1,$
12118023,https://www.argenprop.com/departamento-en-alquiler-en-san-nicolas--12118023,900000.0,200000.0,70.0,2 dorm.,80.0,600.0,images/12118023.jpg,https://www.argenprop.com/static-content/32081121/182e2eb5-c1be-412c-a6f9-8554573db3e7_u_small.jpg,6169742.278341559,373159.1952004573,2026-01-27 19:09:49.117213,,POINT (373159.1952004573 6169742.278341559),31.0,San Nicolas,1.0,3,$
18657698,https://www.argenprop.com/departamento-en-alquiler-en-monserrat-2-ambientes--18657698,850000.0,168000.0,32.0,1 dorm.,5.0,580.0,images/18657698.jpg,https://www.argenprop.com/static-content/89675681/4bb95c3b-d5b1-4018-bab8-a2c539b202e2_u_small.jpg,6168441.138219686,373076.172612261,2026-01-27 19:05:20.636338,,POINT (373076.172612261 6168441.138219686),11.0,Constitucion,1.0,2,$
18702166,https://www.argenprop.com/departamento-en-alquiler-en-congreso-2-ambientes--18702166,480000.0,170000.0,33.0,1 dorm.,65.0,565.0,images/18702166.jpg,https://www.argenprop.com/static-content/66120781/a8f93aae-e836-42a2-8a76-d87804618379_u_small.jpg,6170038.110609427,373321.41948844003,2026-01-27 19:05:20.636338,,POINT (373321.41948844003 6170038.110609427),31.0,San Nicolas,1.0,2,$
18575609,https://www.argenprop.com/departamento-en-alquiler-en-monserrat-4-ambientes--18575609,1300000.0,262000.0,89.0,3 dorm.,40.0,551.0,images/18575609.jpg,https://www.argenprop.com/static-content/90657581/8b9c4c2b-d8b2-48f4-826e-26bfcf225463_u_small.jpg,6169162.091145274,373843.4034370275,2026-01-27 19:05:20.636338,,POINT (373843.4034370275 6169162.091145274),16.0,Monserrat,1.0,4,$
17505826,https://www.argenprop.com/departamento-en-alquiler-en-flores-4-ambientes--17505826,750000.0,100000.0,75.0,3 dorm.,50.0,511.0,images/17505826.jpg,https://www.argenprop.com/static-content/62850571/a6738594-d497-4cce-aca5-e3c4d7f84078_u_small.jpg,6166150.012728596,365585.30112434557,2026-01-27 19:05:20.636338,,POINT (365585.30112434557 6166150.012728596),12.0,Flores,7.0,4,$
17092134,https://www.argenprop.com/departamento-en-alquiler-en-floresta-norte-3-ambientes--17092134,900000.0,130000.0,65.0,2 dorm.,0.0,505.0,images/17092134.jpg,https://www.argenprop.com/static-content/43129071/1dfb2396-b602-466f-b945-7a0addd5ee11_u_small.jpg,6167558.501974638,363073.4063817285,2026-01-27 19:05:20.636338,2026-02-01 19:54:47.100638,POINT (363073.4063817285 6167558.501974638),13.0,Floresta,10.0,3,$
18732537,https://www.argenprop.com/departamento-en-alquiler-en-palermo-2-ambientes--18732537,450000.0,174000.0,38.0,1 dorm.,40.0,466.0,images/18732537.jpg,https://www.argenprop.com/static-content/73523781/b6ee3fd9-c42a-40cd-b56e-cba740aac722_u_small.jpg,6172768.266881498,368864.43117532285,2026-01-27 19:05:20.636338,,POINT (368864.43117532285 6172768.266881498),20.0,Palermo,14.0,2,$
18738607,https://www.argenprop.com/departamento-en-alquiler-en-recoleta--18738607,1500000.0,384000.0,100.0,0,50.0,400.0,images/18738607.jpg,https://www.argenprop.com/static-content/70683781/4b0744cb-77c5-40d8-a0e2-061f1e414ade_u_small.jpg,6171379.987014703,373034.64299081266,2026-01-27 19:05:20.636338,2026-02-01 20:07:56.139856,POINT (373034.64299081266 6171379.987014703),28.0,Retiro,1.0,1,$
18107860,https://www.argenprop.com/departamento-en-alquiler-en-palermo-4-ambientes--18107860,1500000.0,416000.0,80.0,3 dorm.,20.0,375.0,images/18107860.jpg,https://www.argenprop.com/static-content/06870181/8b737e9b-1bc6-44c3-80aa-2d48d3368885_u_small.jpg,6172847.937359034,368725.4992983986,2026-01-27 19:05:20.636338,,POINT (368725.4992983986 6172847.937359034),20.0,Palermo,14.0,4,$
17515445,https://www.argenprop.com/departamento-en-alquiler-en-recoleta-1-ambiente--17515445,660000.0,99000.0,44.0,0,33.39080459770115,354.0,images/17515445.jpg,https://www.argenprop.com/static-content/54451571/451bb104-996a-42aa-86e1-41999f27362b_u_small.jpg,6170384.476040181,371628.7509803957,2026-01-27 19:05:20.636338,,POINT (371628.7509803957 6170384.476040181),2.0,Balvanera,3.0,1,$
18148333,https://www.argenprop.com/departamento-en-alquiler-en-palermo-hollywood-2-ambientes--18148333,670000.0,204000.0,44.0,1 dorm.,60.0,350.0,images/18148333.jpg,https://www.argenprop.com/static-content/33384181/b2222531-1116-4da0-a69f-39d5cd694c65_u_small.jpg,6172765.399093216,368818.59893096023,2026-01-27 19:05:20.636338,,POINT (368818.59893096023 6172765.399093216),20.0,Palermo,14.0,2,$
15626124,https://www.argenprop.com/departamento-en-alquiler-en-flores-1-ambiente--15626124,460000.0,90000.0,29.0,0,7.0,330.0,images/15626124.jpg,https://www.argenprop.com/static-content/42162651/64b61d06-eb9e-40ae-812e-ad0867e95f6d_u_small.jpg,6166218.824263579,365055.2892519245,2026-01-27 19:05:20.636338,2026-02-01 20:14:12.220007,POINT (365055.2892519245 6166218.824263579),21.0,Parque Avellaneda,9.0,1,$
18373547,https://www.argenprop.com/departamento-en-alquiler-en-recoleta-2-ambientes--18373547,400000.0,200000.0,38.0,1 dorm.,50.0,300.0,images/18373547.jpg,https://www.argenprop.com/static-content/74537381/91ef513d-8940-4b39-af0d-bfbd2fe12746_u_small.jpg,6171666.08034673,373271.3317160036,2026-01-27 19:05:20.636338,2026-02-01 20:16:57.496303,POINT (373271.3317160036 6171666.08034673),28.0,Retiro,1.0,2,$
7622370,https://www.argenprop.com/departamento-en-alquiler-en-villa-devoto-2-ambientes--7622370,650000.0,150000.0,42.0,1 dorm.,13.0,300.0,images/7622370.jpg,https://www.argenprop.com/static-content/0732267/e6cbeab1-f820-40b9-9352-e74d82164ab8_u_small.jpg,6171328.55606658,361262.6727510345,2026-01-27 19:05:20.636338,,POINT (361262.6727510345 6171328.55606658),37.0,Villa Devoto,11.0,2,$
14133591,https://www.argenprop.com/departamento-en-alquiler-en-balvanera-2-ambientes--14133591,700000.0,190000.0,51.0,1 dorm.,33.0,299.0,images/14133591.jpg,https://www.argenprop.com/static-content/19533141/199102d6-4684-4819-ba29-1fc00310ba5c_u_small.jpg,6169988.3297305405,372983.39491258794,2026-01-27 19:05:20.636338,,POINT (372983.39491258794 6169988.3297305405),31.0,San Nicolas,1.0,2,$
18713020,https://www.argenprop.com/departamento-en-alquiler-en-monserrat-3-ambientes--18713020,750000.0,150000.0,65.0,2 dorm.,50.0,250.0,images/18713020.jpg,https://www.argenprop.com/static-content/02031781/118bbd55-2efb-450d-8da7-27f17737b9dc_u_small.jpg,6169334.701870896,373284.9245576021,2026-01-27 19:05:20.636338,2026-02-01 20:25:14.773587,POINT (373284.9245576021 6169334.701870896),16.0,Monserrat,1.0,3,$
18510050,https://www.argenprop.com/departamento-en-alquiler-en-caballito-1-ambiente--18510050,650000.0,212600.0,40.0,1 dorm.,3.0,250.0,images/18510050.jpg,https://www.argenprop.com/static-content/05001581/1a5caab4-d083-4479-811f-f3f1758a8b5c_u_small.jpg,6169470.892875672,368072.25424152997,2026-01-27 19:05:20.636338,,POINT (368072.25424152997 6169470.892875672),7.0,Caballito,6.0,2,$
18800781,https://www.argenprop.com/departamento-en-alquiler-en-villa-pueyrredon-2-ambientes--18800781,670000.0,200000.0,44.0,1 dorm.,10.0,250.0,images/18800781.jpg,https://www.argenprop.com/static-content/18700881/406acd05-da41-4af0-9138-fea31645725d_u_small.jpg,6171523.885851492,361713.846370206,2026-01-27 19:05:20.636338,2026-02-01 20:26:11.330540,POINT (361713.846370206 6171523.885851492),42.0,Villa Pueyrredon,12.0,2,$
18054541,https://www.argenprop.com/departamento-en-alquiler-en-recoleta-1-ambiente--18054541,480000.0,230000.0,28.0,0,30.0,230.0,images/18054541.jpg,https://www.argenprop.com/static-content/14545081/44518926-cf0d-427d-8644-943157a070cc_u_small.jpg,6171768.202738496,373114.90382716805,2026-01-27 19:05:20.636338,,POINT (373114.90382716805 6171768.202738496),28.0,Retiro,1.0,1,$
18784697,https://www.argenprop.com/departamento-en-alquiler-en-flores-norte-2-ambientes--18784697,450000.0,90000.0,45.0,1 dorm.,38.0,220.0,images/18784697.jpg,https://www.argenprop.com/static-content/79648781/bace8021-0414-4cd0-8883-929b7876a78b_u_small.jpg,6167020.1459280355,365237.05227716983,2026-01-27 19:05:20.636338,,POINT (365237.05227716983 6167020.1459280355),12.0,Flores,7.0,2,$
18040360,https://www.argenprop.com/departamento-en-alquiler-en-recoleta-1-ambiente--18040360,530000.0,106000.0,26.8,0,7.0,217.0,images/18040360.jpg,https://www.argenprop.com/static-content/06304081/6155ce64-c257-45fc-8f83-0811810133b8_u_small.jpg,6170406.887830448,371485.35547040094,2026-01-27 19:05:20.636338,2026-02-01 20:28:23.070421,POINT (371485.35547040094 6170406.887830448),2.0,Balvanera,3.0,1,$
17514276,https://www.argenprop.com/departamento-en-alquiler-en-recoleta-1-ambiente--17514276,650000.0,90000.0,40.0,0,0.0,202.0,images/17514276.jpg,https://www.argenprop.com/static-content/67241571/694df1e5-7d97-41ab-b864-96b953d82440_u_small.jpg,6170384.476040181,371628.7509803957,2026-01-27 19:05:20.636338,,POINT (371628.7509803957 6170384.476040181),2.0,Balvanera,3.0,1,$
18472215,https://www.argenprop.com/departamento-en-alquiler-en-monserrat-2-ambientes--18472215,550000.0,75000.0,26.0,1 dorm.,30.0,200.0,images/18472215.jpg,https://www.argenprop.com/static-content/51227481/c6eab599-d2a3-405e-a615-37c22499629f_u_small.jpg,6169227.659437428,374137.4410678605,2026-01-27 19:05:20.636338,,POINT (374137.4410678605 6169227.659437428),16.0,Monserrat,1.0,2,$
18078811,https://www.argenprop.com/departamento-en-alquiler-en-monserrat-1-ambiente--18078811,850000.0,170000.0,32.0,1 dorm.,2.0,200.0,images/18078811.jpg,https://www.argenprop.com/static-content/11887081/1a89b968-1a8b-4c40-a44d-c68950889c29_u_small.jpg,6168599.775043401,373158.3604371143,2026-01-27 19:05:20.636338,,POINT (373158.3604371143 6168599.775043401),16.0,Monserrat,1.0,2,$
18791769,https://www.argenprop.com/departamento-en-alquiler-en-caballito-2-ambientes--18791769,600000.0,120000.0,32.0,1 dorm.,50.0,200.0,images/18791769.jpg,https://www.argenprop.com/static-content/96719781/02f18b8b-0b16-47ed-aad6-652c4f879e29_u_small.jpg,6169470.134476694,367592.3273446023,2026-01-27 19:05:20.636338,2026-02-01 20:36:17.508818,POINT (367592.3273446023 6169470.134476694),7.0,Caballito,6.0,2,$
18783280,https://www.argenprop.com/departamento-en-alquiler-en-recoleta-1-ambiente--18783280,430000.0,158000.0,27.0,0,40.0,191.0,images/18783280.jpg,https://www.argenprop.com/static-content/08238781/b93b121b-e5b9-4702-845c-7f203de7aa34_u_small.jpg,6171671.636772027,372384.20102357684,2026-01-27 19:05:20.636338,2026-02-01 20:38:39.350959,POINT (372384.20102357684 6171671.636772027),27.0,Recoleta,2.0,1,$
18454496,https://www.argenprop.com/departamento-en-alquiler-en-recoleta-3-ambientes--18454496,1300000.0,260000.0,85.0,1 dorm.,55.0,190.0,images/18454496.jpg,https://www.argenprop.com/static-content/69445481/c6fdf65f-cbc0-4871-ab84-23a0f4b04859_u_small.jpg,6171904.362213679,372852.5100465448,2026-01-27 19:05:20.636338,,POINT (372852.5100465448 6171904.362213679),27.0,Recoleta,2.0,2,$
18684029,https://www.argenprop.com/departamento-en-alquiler-en-villa-devoto-2-ambientes--18684029,750000.0,315000.0,40.0,1 dorm.,10.0,182.0,images/18684029.jpg,https://www.argenprop.com/static-content/92048681/55f5292b-486e-45a5-95f4-8ecb40bfa9ff_u_small.jpg,6170676.036018351,361244.9378988198,2026-01-27 19:05:20.636338,,POINT (361244.9378988198 6170676.036018351),37.0,Villa Devoto,11.0,2,$
18627391,https://www.argenprop.com/departamento-en-alquiler-en-floresta-norte-3-ambientes--18627391,600000.0,130000.0,54.0,2 dorm.,0.0,180.0,images/18627391.jpg,https://www.argenprop.com/static-content/19372681/d6a51a02-e3af-4b5c-acc7-df83a4fedaa9_u_small.jpg,6167880.551699763,362723.8397475911,2026-01-27 19:05:20.636338,2026-02-01 20:41:28.382978,POINT (362723.8397475911 6167880.551699763),13.0,Floresta,10.0,3,$
17450892,https://www.argenprop.com/departamento-en-alquiler-en-san-telmo-3-ambientes--17450892,690000.0,210000.0,51.0,2 dorm.,20.0,177.0,images/17450892.jpg,https://www.argenprop.com/static-content/29805471/d7941e8a-266d-4100-b2c1-a3b97b4f7405_u_small.jpg,6168503.91610859,373853.85133552045,2026-01-27 19:05:20.636338,2026-02-01 20:43:11.357317,POINT (373853.85133552045 6168503.91610859),32.0,San Telmo,1.0,3,$
8424226,https://www.argenprop.com/departamento-en-alquiler-en-caballito-1-ambiente--8424226,570000.0,158000.0,32.0,0,27.273224043715846,175.0,images/8424226.jpg,https://www.argenprop.com/static-content/6224248/a2851235-7ffb-4bbc-8a64-b161136c5dc4_u_small.jpg,6169292.65910287,367670.0723978404,2026-01-27 19:05:20.636338,,POINT (367670.0723978404 6169292.65910287),7.0,Caballito,6.0,1,$
5073474,https://www.argenprop.com/departamento-en-alquiler-en-caballito--5073474,700000.0,300000.0,50.0,1 dorm.,10.0,175.0,images/5073474.jpg,https://www.argenprop.com/static-content/4743705/b28bbd60-137e-4b45-8add-eb3eae68fcbd_u_small.jpg,6169184.052401584,367832.12072009343,2026-01-27 19:05:20.636338,,POINT (367832.12072009343 6169184.052401584),7.0,Caballito,6.0,2,$
18705102,https://www.argenprop.com/departamento-en-alquiler-en-barrio-norte-3-ambientes--18705102,800000.0,140000.0,80.0,2 dorm.,33.39080459770115,170.0,images/18705102.jpg,https://www.argenprop.com/static-content/20150781/9e76b0a1-40bb-46e6-8b3d-61f6cff63b07_u_small.jpg,6170286.821174137,371545.7241557015,2026-01-27 19:05:20.636338,,POINT (371545.7241557015 6170286.821174137),2.0,Balvanera,3.0,3,$
18332258,https://www.argenprop.com/departamento-en-alquiler-en-recoleta-1-ambiente--18332258,470000.0,180000.0,37.0,0,0.0,162.0,images/18332258.jpg,https://www.argenprop.com/static-content/85223381/bb2066c8-b370-4737-8a7b-1e007a64fea5_u_small.jpg,6171787.614142662,372912.8235874542,2026-01-27 19:05:20.636338,2026-02-01 20:50:58.742391,POINT (372912.8235874542 6171787.614142662),27.0,Recoleta,2.0,1,$
18545571,https://www.argenprop.com/departamento-en-alquiler-en-caballito-2-ambientes--18545571,1100000.0,249000.0,45.0,1 dorm.,10.0,150.0,images/18545571.jpg,https://www.argenprop.com/static-content/17554581/aa6e9cc6-2516-4fc8-b906-73bd72c037ec_u_small.jpg,6168982.364000057,367613.0680706416,2026-01-27 19:05:20.636338,,POINT (367613.0680706416 6168982.364000057),7.0,Caballito,6.0,2,$
18785178,https://www.argenprop.com/departamento-en-alquiler-en-monserrat-2-ambientes--18785178,550000.0,150000.0,38.0,1 dorm.,50.0,150.0,images/18785178.jpg,https://www.argenprop.com/static-content/87158781/1bf1424d-aea5-422f-a8c7-d56009fb26de_u_small.jpg,6169395.187725935,373004.38046895684,2026-01-27 19:05:20.636338,,POINT (373004.38046895684 6169395.187725935),16.0,Monserrat,1.0,2,$
18750642,https://www.argenprop.com/departamento-en-alquiler-en-caballito-2-ambientes--18750642,650000.0,0.0,48.0,1 dorm.,27.273224043715846,135.0,images/18750642.jpg,https://www.argenprop.com/static-content/24605781/8cbdf766-ae21-4283-ac9b-4c5b1ab92cfa_u_small.jpg,6169059.658397915,368054.0017179382,2026-01-27 19:05:20.636338,,POINT (368054.0017179382 6169059.658397915),7.0,Caballito,6.0,2,$
18504824,https://www.argenprop.com/departamento-en-alquiler-en-monserrat-1-ambiente--18504824,320000.0,94000.0,28.0,0,45.0,134.0,images/18504824.jpg,https://www.argenprop.com/static-content/42840581/e4c3eb35-8469-47e7-93cd-08e4e406bf82_u_small.jpg,6168633.737006938,373208.33075516776,2026-01-27 19:05:20.636338,2026-02-01 20:57:33.799469,POINT (373208.33075516776 6168633.737006938),16.0,Monserrat,1.0,1,$
17835076,https://www.argenprop.com/departamento-en-alquiler-en-caballito-1-ambiente--17835076,600000.0,281300.0,44.0,0,5.0,125.0,images/17835076.jpg,https://www.argenprop.com/static-content/67053871/08388738-9f5e-4d7b-8992-d3aeceb29e9a_u_small.jpg,6169459.88876643,368070.6686742235,2026-01-27 19:05:20.636338,,POINT (368070.6686742235 6169459.88876643),7.0,Caballito,6.0,1,$
18738168,https://www.argenprop.com/departamento-en-alquiler-en-caballito-2-ambientes--18738168,650000.0,156000.0,41.0,1 dorm.,45.0,125.0,images/18738168.jpg,https://www.argenprop.com/static-content/86183781/bb5ffcd4-be6e-4489-8051-324be8d3a466_u_small.jpg,6169102.258913908,368085.4922670231,2026-01-27 19:05:20.636338,2026-02-01 20:58:21.799018,POINT (368085.4922670231 6169102.258913908),7.0,Caballito,6.0,2,$
18201080,https://www.argenprop.com/departamento-en-alquiler-en-san-telmo-1-ambiente--18201080,380000.0,69000.0,30.0,0,50.0,121.0,images/18201080.jpg,https://www.argenprop.com/static-content/08010281/76a53554-1df7-4cce-ae7d-510a078dab20_u_small.jpg,6168833.0782724535,373833.77018476685,2026-01-27 19:05:20.636338,2026-02-01 20:58:36.136117,POINT (373833.77018476685 6168833.0782724535),16.0,Monserrat,1.0,1,$
18301380,https://www.argenprop.com/departamento-en-alquiler-en-villa-pueyrredon-1-ambiente--18301380,520000.0,77000.0,34.0,0,10.0,105.0,images/18301380.jpg,https://www.argenprop.com/static-content/08310381/3ded22dc-c91a-4cad-b899-863832a67f4e_u_small.jpg,6171474.926497263,361674.0301504393,2026-01-27 19:05:20.636338,2026-02-01 21:02:54.796681,POINT (361674.0301504393 6171474.926497263),37.0,Villa Devoto,11.0,1,$
18114979,https://www.argenprop.com/departamento-en-alquiler-en-microcentro-1-ambiente--18114979,550000.0,0.0,33.0,0,43.369565217391305,105.0,images/18114979.jpg,https://www.argenprop.com/static-content/97941181/b059d0df-8df6-4973-8ee9-a521e02956ca_u_small.jpg,6169829.473379979,373776.1519164282,2026-01-27 19:05:20.636338,,POINT (373776.1519164282 6169829.473379979),31.0,San Nicolas,1.0,1,$
18450091,https://www.argenprop.com/departamento-en-alquiler-en-monserrat-3-ambientes--18450091,680000.0,275000.0,90.0,2 dorm.,60.0,105.0,images/18450091.jpg,https://www.argenprop.com/static-content/19005481/9d0c5dc8-7ff2-4d16-81bb-03d1a382c6a8_u_small.jpg,6168372.174667206,373223.83913115284,2026-01-27 19:05:20.636338,,POINT (373223.83913115284 6168372.174667206),11.0,Constitucion,1.0,3,$
18657105,https://www.argenprop.com/departamento-en-alquiler-en-villa-urquiza-2-ambientes--18657105,700000.0,180000.0,42.0,1 dorm.,0.0,101.0,images/18657105.jpg,https://www.argenprop.com/static-content/50175681/3122cd56-c0e1-42e2-98ec-951e9dd4eeda_u_small.jpg,6173957.350561884,364775.338399032,2026-01-27 19:05:20.636338,2026-02-01 21:05:12.033352,POINT (364775.338399032 6173957.350561884),47.0,Villa Urquiza,12.0,2,$
17833975,https://www.argenprop.com/departamento-en-alquiler-en-barrio-norte-7-ambientes--17833975,1830000.0,680000.0,351.0,6 dorm.,4.0,100.0,images/17833975.jpg,https://www.argenprop.com/static-content/57933871/711b44ef-4487-4e66-8590-4fcaa796ed0b_u_small.jpg,6170019.004062308,372955.45880709024,2026-01-27 19:05:20.636338,,POINT (372955.45880709024 6170019.004062308),31.0,San Nicolas,1.0,7,$
18115116,https://www.argenprop.com/departamento-en-alquiler-en-monserrat-1-ambiente--18115116,550000.0,135000.0,35.0,1 dorm.,15.0,100.0,images/18115116.jpg,https://www.argenprop.com/static-content/61151181/affd196b-9665-4cc4-98da-0ef30087c0cc_u_small.jpg,6168641.173090938,373184.38614283816,2026-01-27 19:05:20.636338,,POINT (373184.38614283816 6168641.173090938),16.0,Monserrat,1.0,2,$
18552282,https://www.argenprop.com/departamento-en-alquiler-en-villa-urquiza-2-ambientes--18552282,500000.0,110000.0,38.0,1 dorm.,47.0,100.0,images/18552282.jpg,https://www.argenprop.com/static-content/28225581/be15cf48-f924-4aad-bfc5-f394a53ba2cd_u_small.jpg,6173721.633427873,364282.37081598944,2026-01-27 19:05:20.636338,,POINT (364282.37081598944 6173721.633427873),47.0,Villa Urquiza,12.0,2,$
18418465,https://www.argenprop.com/departamento-en-alquiler-en-caballito--18418465,850000.0,150000.0,65.0,0,27.273224043715846,100.0,images/18418465.jpg,https://www.argenprop.com/static-content/56481481/e7616f5f-f82c-480a-ab8d-a00fa7bee483_u_small.jpg,6169112.255693304,368164.22022086685,2026-01-27 19:05:20.636338,,POINT (368164.22022086685 6169112.255693304),7.0,Caballito,6.0,1,$
11552195,https://www.argenprop.com/departamento-en-alquiler-en-monserrat-1-ambiente--11552195,550000.0,0.0,35.0,0,40.0,100.0,images/11552195.jpg,https://www.argenprop.com/static-content/59125511/70c129ba-94ba-4f2b-b3bd-4b73dffb52a3_u_small.jpg,6168985.5814602915,373224.5977717496,2026-01-27 19:05:20.636338,,POINT (373224.5977717496 6168985.5814602915),16.0,Monserrat,1.0,1,$
18770351,https://www.argenprop.com/departamento-en-alquiler-en-balvanera-1-ambiente--18770351,630000.0,220000.0,33.96,0,12.0,100.0,images/18770351.jpg,https://www.argenprop.com/static-content/15307781/ee4b7e99-3b2c-446f-b6d4-d8aad6f12014_u_small.jpg,6170210.222125104,371941.17861931183,2026-01-27 19:05:20.636338,,POINT (371941.17861931183 6170210.222125104),2.0,Balvanera,3.0,1,$
18778949,https://www.argenprop.com/departamento-en-alquiler-en-floresta-3-ambientes--18778949,650000.0,210000.0,56.09,2 dorm.,20.0,100.0,images/18778949.jpg,https://www.argenprop.com/static-content/94987781/f1ed2e6a-4071-4251-86b7-d0024dbfcbfa_u_small.jpg,6166844.644562405,364689.475840293,2026-01-27 19:05:20.636338,2026-02-01 21:16:18.309571,POINT (364689.475840293 6166844.644562405),13.0,Floresta,10.0,3,$
18688121,https://www.argenprop.com/departamento-en-alquiler-en-san-telmo-2-ambientes--18688121,700000.0,130000.0,43.0,1 dorm.,20.0,100.0,images/18688121.jpg,https://www.argenprop.com/static-content/12188681/b8d67036-0351-4ee2-8226-9eed9368b5f4_u_small.jpg,6168609.227929845,373849.2047390129,2026-01-27 19:05:20.636338,,POINT (373849.2047390129 6168609.227929845),32.0,San Telmo,1.0,2,$
18566936,https://www.argenprop.com/departamento-en-alquiler-en-caballito-3-ambientes--18566936,990000.0,212000.0,63.78,2 dorm.,2.0,95.0,images/18566936.jpg,https://www.argenprop.com/static-content/63966581/eca3ae6b-0323-4623-8459-23c433aa6c8b_u_small.jpg,6169278.182332095,367743.64905552636,2026-01-27 19:05:20.636338,,POINT (367743.64905552636 6169278.182332095),7.0,Caballito,6.0,3,$
18792851,https://www.argenprop.com/departamento-en-alquiler-en-liniers-3-ambientes--18792851,950000.0,120000.0,64.0,2 dorm.,8.0,90.0,images/18792851.jpg,https://www.argenprop.com/static-content/15829781/764e7d52-02fc-493a-8e30-d46ca41f68e7_u_small.jpg,6164798.050370886,360956.38736587105,2026-01-27 19:05:20.636338,2026-02-01 21:21:18.607827,POINT (360956.38736587105 6164798.050370886),14.0,Liniers,9.0,3,$
17530915,https://www.argenprop.com/departamento-en-alquiler-en-san-nicolas-3-ambientes--17530915,700000.0,250000.0,67.0,2 dorm.,43.369565217391305,86.0,images/17530915.jpg,https://www.argenprop.com/static-content/51903571/0eb1ce80-8c21-4ac7-a8ac-e185f002a5a2_u_small.jpg,6170292.759200402,373441.01832754735,2026-01-27 19:05:20.636338,,POINT (373441.01832754735 6170292.759200402),31.0,San Nicolas,1.0,3,$
18504379,https://www.argenprop.com/departamento-en-alquiler-en-recoleta-1-ambiente--18504379,550000.0,250000.0,28.0,0,13.0,80.0,images/18504379.jpg,https://www.argenprop.com/static-content/97340581/c5fdde7e-2763-40db-bb05-a1592b782dab_u_small.jpg,6172020.263029335,371286.81019748823,2026-01-27 19:05:20.636338,,POINT (371286.81019748823 6172020.263029335),27.0,Recoleta,2.0,1,$
18611639,https://www.argenprop.com/departamento-en-alquiler-en-villa-devoto-1-ambiente--18611639,430000.0,200000.0,32.0,0,8.0,71.0,images/18611639.jpg,https://www.argenprop.com/static-content/93611681/d6e11f79-9280-4916-9767-bfd7bb0bbd0d_u_small.jpg,6171348.532281067,361263.29060883087,2026-01-27 19:05:20.636338,2026-02-01 21:27:10.507269,POINT (361263.29060883087 6171348.532281067),37.0,Villa Devoto,11.0,1,$
6185219,https://www.argenprop.com/departamento-en-alquiler-en-caballito-1-ambiente--6185219,550000.0,150000.0,41.0,0,10.0,70.0,images/6185219.jpg,https://www.argenprop.com/static-content/9125816/804c4e9e-298a-4985-9470-d96b6900e2ab_u_small.jpg,6169258.6972272545,367854.89879488887,2026-01-27 19:05:20.636338,,POINT (367854.89879488887 6169258.6972272545),7.0,Caballito,6.0,1,$
18193256,https://www.argenprop.com/departamento-en-alquiler-en-recoleta-3-ambientes--18193256,950000.0,220690.0,66.0,2 dorm.,66.0,60.0,images/18193256.jpg,https://www.argenprop.com/static-content/65239181/42f4cfab-7297-4733-b7bd-ae9878eb7478_u_small.jpg,6171669.144297013,372444.7790718198,2026-01-27 19:05:20.636338,,POINT (372444.7790718198 6171669.144297013),27.0,Recoleta,2.0,3,$
18781128,https://www.argenprop.com/departamento-en-alquiler-en-monserrat-2-ambientes--18781128,590000.0,98600.0,45.0,1 dorm.,62.0,60.0,images/18781128.jpg,https://www.argenprop.com/static-content/82118781/1134f240-7ae9-49cc-9b1d-c4a62c878ee9_u_small.jpg,6168968.6615173435,372880.9332548182,2026-01-27 19:05:20.636338,,POINT (372880.9332548182 6168968.6615173435),16.0,Monserrat,1.0,2,$
18798664,https://www.argenprop.com/departamento-en-alquiler-en-velez-sarsfield-1-ambiente--18798664,450000.0,100000.0,3.0,0,10.0,60.0,images/18798664.jpg,https://www.argenprop.com/static-content/46689781/512928b5-7872-45d0-8738-f21c72542dcf_u_small.jpg,6167302.094180203,363211.9971105135,2026-01-27 19:05:20.636338,2026-02-01 21:36:56.853038,POINT (363211.9971105135 6167302.094180203),33.0,Velez Sarsfield,10.0,1,$
18262326,https://www.argenprop.com/departamento-en-alquiler-en-palermo-hollywood-2-ambientes--18262326,1200000.0,75000.0,42.0,1 dorm.,0.0,55.0,images/18262326.jpg,https://www.argenprop.com/static-content/62326281/0cce67dc-ea44-4de7-9d70-005173a84672_u_small.jpg,6172846.884708455,368933.04491299606,2026-01-27 19:05:20.636338,2026-02-01 21:39:27.999174,POINT (368933.04491299606 6172846.884708455),20.0,Palermo,14.0,2,$
18208687,https://www.argenprop.com/departamento-en-alquiler-en-tribunales-3-ambientes--18208687,550000.0,314200.0,90.0,2 dorm.,45.0,55.0,images/18208687.jpg,https://www.argenprop.com/static-content/78680281/fc795049-3a99-412d-9e5b-5c7e3d834634_u_small.jpg,6170270.088905842,372984.75360853237,2026-01-27 19:05:20.636338,2026-02-01 21:40:07.285339,POINT (372984.75360853237 6170270.088905842),31.0,San Nicolas,1.0,3,$
18679527,https://www.argenprop.com/departamento-en-alquiler-en-monserrat-1-ambiente--18679527,400000.0,50000.0,27.0,0,50.0,53.0,images/18679527.jpg,https://www.argenprop.com/static-content/72597681/a33d49e1-b04c-4ecd-b8e7-ccd132da3910_u_small.jpg,6168733.58902188,372806.2173021659,2026-01-27 19:05:20.636338,,POINT (372806.2173021659 6168733.58902188),16.0,Monserrat,1.0,1,$
8424331,https://www.argenprop.com/departamento-en-alquiler-en-constitucion-1-ambiente--8424331,430000.0,290000.0,45.0,0,36.0,52.0,images/8424331.jpg,https://www.argenprop.com/static-content/1334248/ec10f0b5-2ba1-43dd-b34c-3538d0ccfe25_u_small.jpg,6168095.409831096,373344.0900563338,2026-01-27 19:05:20.636338,,POINT (373344.0900563338 6168095.409831096),11.0,Constitucion,1.0,1,$
18621900,https://www.argenprop.com/departamento-en-alquiler-en-barrio-norte-2-ambientes--18621900,600000.0,0.0,33.0,1 dorm.,45.0,51.0,images/18621900.jpg,https://www.argenprop.com/static-content/00912681/fa1c4106-c73d-4024-98a2-53f1c66f3532_u_small.jpg,6170930.317503184,370759.8673134629,2026-01-27 19:05:20.636338,2026-02-01 21:43:54.559384,POINT (370759.8673134629 6170930.317503184),27.0,Recoleta,2.0,2,$
18657270,https://www.argenprop.com/departamento-en-alquiler-en-san-nicolas-1-ambiente--18657270,380000.0,90000.0,25.0,0,43.369565217391305,51.0,images/18657270.jpg,https://www.argenprop.com/static-content/07275681/c957f8e6-8534-445f-a534-9920cde8acf0_u_small.jpg,6170034.308099366,373505.5457682797,2026-01-27 19:05:20.636338,,POINT (373505.5457682797 6170034.308099366),31.0,San Nicolas,1.0,1,$
6155521,https://www.argenprop.com/departamento-en-alquiler-en-monserrat-2-ambientes--6155521,700000.0,182000.0,38.9,1 dorm.,31.45,50.0,images/6155521.jpg,https://www.argenprop.com/static-content/1255516/4dbc9319-921b-4bee-a9c5-6c7d893c8d8d_u_small.jpg,6168760.381802072,372818.68722324504,2026-01-27 19:05:20.636338,,POINT (372818.68722324504 6168760.381802072),16.0,Monserrat,1.0,2,$
18178688,https://www.argenprop.com/departamento-en-alquiler-en-monserrat-1-ambiente--18178688,300000.0,150000.0,25.0,0,50.0,50.0,images/18178688.jpg,https://www.argenprop.com/static-content/88687181/dc734107-e602-43cd-9721-e2bb811ec5b7_u_small.jpg,6168366.227653606,372823.19263327005,2026-01-27 19:05:20.636338,,POINT (372823.19263327005 6168366.227653606),11.0,Constitucion,1.0,1,$
18363009,https://www.argenprop.com/departamento-en-alquiler-en-monserrat-4-ambientes--18363009,800000.0,435000.0,90.0,3 dorm.,2.0,50.0,images/18363009.jpg,https://www.argenprop.com/static-content/90036381/52239654-5aba-4d2e-9bca-6a327e9705f1_u_small.jpg,6169040.744858861,374014.3482930371,2026-01-27 19:05:20.636338,2026-02-01 21:46:17.352060,POINT (374014.3482930371 6169040.744858861),16.0,Monserrat,1.0,4,$
18551813,https://www.argenprop.com/departamento-en-alquiler-en-caballito-1-ambiente--18551813,510000.0,51200.0,25.0,0,40.0,50.0,images/18551813.jpg,https://www.argenprop.com/static-content/31815581/afdbd0e7-423f-4026-831a-9b4b642e4c27_u_small.jpg,6168980.89493457,368131.2439122353,2026-01-27 19:05:20.636338,2026-02-01 21:47:18.643704,POINT (368131.2439122353 6168980.89493457),7.0,Caballito,6.0,1,$
18078836,https://www.argenprop.com/departamento-en-alquiler-en-monserrat-2-ambientes--18078836,860000.0,200000.0,60.0,1 dorm.,10.0,50.0,images/18078836.jpg,https://www.argenprop.com/static-content/63887081/8e8b99af-0598-4cc9-9bf8-ca43a769e39e_u_small.jpg,6169227.296956781,373136.91200328246,2026-01-27 19:05:20.636338,,POINT (373136.91200328246 6169227.296956781),16.0,Monserrat,1.0,2,$
18628187,https://www.argenprop.com/departamento-en-alquiler-en-barrio-norte--18628187,320000.0,165000.0,27.0,0,35.0,50.0,images/18628187.jpg,https://www.argenprop.com/static-content/78182681/b712aaa3-b960-451f-b16b-cbf9eccbe5ba_u_small.jpg,6172142.976727111,371097.9576780276,2026-01-27 19:05:20.636338,2026-02-01 21:49:05.122943,POINT (371097.9576780276 6172142.976727111),27.0,Recoleta,2.0,1,$
18633330,https://www.argenprop.com/departamento-en-alquiler-en-villa-devoto-1-ambiente--18633330,600000.0,100000.0,38.0,0,17.81578947368421,50.0,images/18633330.jpg,https://www.argenprop.com/static-content/03333681/2ccfbc24-0d8f-44f1-a732-59d1af79f670_u_small.jpg,6171243.953803718,361242.8421206481,2026-01-27 19:05:20.636338,,POINT (361242.8421206481 6171243.953803718),37.0,Villa Devoto,11.0,1,$
18626062,https://www.argenprop.com/departamento-en-alquiler-en-san-telmo-3-ambientes--18626062,700000.0,170000.0,51.0,2 dorm.,40.0,50.0,images/18626062.jpg,https://www.argenprop.com/static-content/26062681/9172276d-f242-4524-b7a6-f6f32e6011de_u_small.jpg,6168519.553935565,373918.7455310288,2026-01-27 19:05:20.636338,2026-02-01 21:50:06.393182,POINT (373918.7455310288 6168519.553935565),32.0,San Telmo,1.0,3,$
18421076,https://www.argenprop.com/departamento-en-alquiler-en-monserrat-1-ambiente--18421076,430000.0,0.0,35.0,0,10.0,50.0,images/18421076.jpg,https://www.argenprop.com/static-content/67012481/daed6dd5-6a1d-43d4-ab14-77dd3906fd5b_u_small.jpg,6168447.57825545,373060.4950939267,2026-01-27 19:05:20.636338,2026-02-01 21:50:49.903439,POINT (373060.4950939267 6168447.57825545),11.0,Constitucion,1.0,1,$
12027144,https://www.argenprop.com/departamento-en-alquiler-en-centro-1-ambiente--12027144,400000.0,80000.0,23.0,0,60.0,50.0,images/12027144.jpg,https://www.argenprop.com/static-content/44172021/f1190c73-a61c-466a-a9b7-f025657a926c_u_small.jpg,6169747.232188091,373116.02195817453,2026-01-27 19:05:20.636338,,POINT (373116.02195817453 6169747.232188091),31.0,San Nicolas,1.0,1,$
18744387,https://www.argenprop.com/departamento-en-alquiler-en-monserrat-2-ambientes--18744387,550000.0,110000.0,33.0,1 dorm.,10.0,50.0,images/18744387.jpg,https://www.argenprop.com/static-content/78344781/867e93b7-fbb4-4bf4-a887-92894ff56e16_u_small.jpg,6168983.330526652,372979.7740019529,2026-01-27 19:05:20.636338,2026-02-01 21:52:22.582923,POINT (372979.7740019529 6168983.330526652),16.0,Monserrat,1.0,2,$
18723265,https://www.argenprop.com/departamento-en-alquiler-en-monserrat-1-ambiente--18723265,380000.0,92000.0,32.0,0,45.0,50.0,images/18723265.jpg,https://www.argenprop.com/static-content/56232781/0e3817c8-bff5-4d6d-a9a1-f5a95e48cb97_u_small.jpg,6168660.952777272,372807.49174337945,2026-01-27 19:05:20.636338,2026-02-01 21:54:24.890795,POINT (372807.49174337945 6168660.952777272),16.0,Monserrat,1.0,1,$
18594641,https://www.argenprop.com/departamento-en-alquiler-en-villa-luro-2-ambientes--18594641,550000.0,130000.0,35.0,1 dorm.,50.0,49.0,images/18594641.jpg,https://www.argenprop.com/static-content/14649581/17ffcf7a-0e9b-4989-acf9-e4d56070473d_u_small.jpg,6166627.954291832,362484.80149257765,2026-01-27 19:05:20.636338,,POINT (362484.80149257765 6166627.954291832),40.0,Villa Luro,10.0,2,$
18751863,https://www.argenprop.com/departamento-en-alquiler-en-monserrat-2-ambientes--18751863,550000.0,0.0,40.0,1 dorm.,0.0,49.0,images/18751863.jpg,https://www.argenprop.com/static-content/36815781/6be12e08-aaef-4756-b57a-90a2b3106cda_u_small.jpg,6168626.707541289,373100.21845862817,2026-01-27 19:05:20.636338,2026-02-01 21:55:15.365441,POINT (373100.21845862817 6168626.707541289),16.0,Monserrat,1.0,2,$
18452886,https://www.argenprop.com/departamento-en-alquiler-en-flores-2-ambientes--18452886,480000.0,115000.0,40.0,1 dorm.,48.0,45.0,images/18452886.jpg,https://www.argenprop.com/static-content/68825481/18aa4040-f1f7-49c3-aa6e-03d6fde5c2a1_u_small.jpg,6165983.88672113,365146.73492042173,2026-01-27 19:05:20.636338,2026-02-01 21:56:23.415933,POINT (365146.73492042173 6165983.88672113),21.0,Parque Avellaneda,9.0,2,$
4008870,https://www.argenprop.com/departamento-en-alquiler-en-villa-urquiza-2-ambientes--4008870,530000.0,0.0,40.0,1 dorm.,50.0,45.0,images/4008870.jpg,https://www.argenprop.com/static-content/0788004/af34579f-508f-41dd-b1c8-c1f0fab1d3c4_u_small.jpg,6172861.500414915,364933.551526856,2026-01-27 19:05:20.636338,2026-02-01 21:56:43.613809,POINT (364933.551526856 6172861.500414915),41.0,Villa Ortuzar,15.0,2,$
12103693,https://www.argenprop.com/departamento-en-alquiler-en-floresta-4-ambientes--12103693,850000.0,220000.0,110.0,3 dorm.,60.0,40.0,images/12103693.jpg,https://www.argenprop.com/static-content/39630121/d6a00c7a-f86c-459e-befe-4d3566d03019_u_small.jpg,6166838.326002082,364712.4907380233,2026-01-27 19:05:20.636338,,POINT (364712.4907380233 6166838.326002082),13.0,Floresta,10.0,4,$
18334362,https://www.argenprop.com/departamento-en-alquiler-en-villa-crespo-2-ambientes--18334362,550000.0,97000.0,31.0,1 dorm.,40.0,35.0,images/18334362.jpg,https://www.argenprop.com/static-content/26343381/9c8b6b2d-484f-4d3a-a989-3c438dda0bd3_u_small.jpg,6170202.953080916,368935.63307495706,2026-01-27 19:05:20.636338,,POINT (368935.63307495706 6170202.953080916),1.0,Almagro,5.0,2,$
2457669,https://www.argenprop.com/departamento-en-alquiler-en-flores-2-ambientes--2457669,550000.0,120000.0,43.0,1 dorm.,10.0,35.0,,/content/images/listing-camera.svg,6166571.805538291,365451.7197560619,2026-01-27 19:05:20.636338,,POINT (365451.7197560619 6166571.805538291),12.0,Flores,7.0,2,$
18659533,https://www.argenprop.com/departamento-en-alquiler-en-floresta-3-ambientes--18659533,850000.0,124150.0,47.0,2 dorm.,50.0,35.0,images/18659533.jpg,https://www.argenprop.com/static-content/33595681/987372b9-19e6-4e45-8942-295a5141ce88_u_small.jpg,6166466.827105753,364522.82320774754,2026-01-27 19:05:20.636338,,POINT (364522.82320774754 6166466.827105753),13.0,Floresta,10.0,3,$
18714034,https://www.argenprop.com/departamento-en-alquiler-en-floresta-2-ambientes--18714034,500000.0,90000.0,35.0,1 dorm.,35.0,32.0,images/18714034.jpg,https://www.argenprop.com/static-content/43041781/869c3430-b681-412a-aaa3-6aeb0c5ee94d_u_small.jpg,6167123.923785266,363315.4969898068,2026-01-27 19:05:20.636338,2026-02-01 22:04:36.870913,POINT (363315.4969898068 6167123.923785266),33.0,Velez Sarsfield,10.0,2,$
16941721,https://www.argenprop.com/departamento-en-alquiler-en-constitucion-1-ambiente--16941721,500000.0,277000.0,44.0,0,15.0,30.0,images/16941721.jpg,https://www.argenprop.com/static-content/12714961/c6ef62ae-8acc-443d-9ef2-ef1d5daf5af6_u_small.jpg,6168208.10824213,372827.2020133774,2026-01-27 19:05:20.636338,2026-02-01 22:05:21.248496,POINT (372827.2020133774 6168208.10824213),11.0,Constitucion,1.0,1,$
18635954,https://www.argenprop.com/departamento-en-alquiler-en-balvanera-2-ambientes--18635954,500000.0,110000.0,40.0,1 dorm.,50.0,30.0,images/18635954.jpg,https://www.argenprop.com/static-content/45953681/3f4ab12e-fa9c-4e6b-861e-70d71fd7dcc2_u_small.jpg,6170161.030893775,371593.33022028435,2026-01-27 19:05:20.636338,2026-02-01 22:06:44.711967,POINT (371593.33022028435 6170161.030893775),2.0,Balvanera,3.0,2,$
18765180,https://www.argenprop.com/departamento-en-alquiler-en-flores-2-ambientes--18765180,650000.0,120000.0,44.0,1 dorm.,7.0,30.0,images/18765180.jpg,https://www.argenprop.com/static-content/08156781/a616e6f2-6d79-467e-b209-c43a3e153959_u_small.jpg,6166533.787684354,365050.6883017981,2026-01-27 19:05:20.636338,2026-02-01 22:08:38.565602,POINT (365050.6883017981 6166533.787684354),12.0,Flores,7.0,2,$
18169184,https://www.argenprop.com/departamento-en-alquiler-en-monserrat-2-ambientes--18169184,500000.0,110000.0,36.0,1 dorm.,45.0,25.0,images/18169184.jpg,https://www.argenprop.com/static-content/48196181/710759c9-e36c-498d-b473-fd7aca7c68f3_u_small.jpg,6169191.499046409,374170.0308411364,2026-01-27 19:05:20.636338,,POINT (374170.0308411364 6169191.499046409),16.0,Monserrat,1.0,2,$
18303177,https://www.argenprop.com/departamento-en-alquiler-en-flores-3-ambientes--18303177,850000.0,262000.0,70.0,2 dorm.,40.0,25.0,images/18303177.jpg,https://www.argenprop.com/static-content/77130381/d3904900-4e70-443e-8549-59c1ce945a46_u_small.jpg,6167701.342839766,367083.0680961489,2026-01-27 19:05:20.636338,2026-02-01 22:12:30.057711,POINT (367083.0680961489 6167701.342839766),7.0,Caballito,6.0,3,$
18230172,https://www.argenprop.com/departamento-en-alquiler-en-flores-3-ambientes--18230172,780000.0,219600.0,50.0,2 dorm.,36.25,25.0,images/18230172.jpg,https://www.argenprop.com/static-content/27103281/a093537b-3356-4419-b160-410eb06daaab_u_small.jpg,6166115.3435637355,364881.68810008175,2026-01-27 19:05:20.636338,2026-02-01 22:12:52.144800,POINT (364881.68810008175 6166115.3435637355),21.0,Parque Avellaneda,9.0,3,$
16597785,https://www.argenprop.com/departamento-en-alquiler-en-floresta--16597785,680000.0,180000.0,70.0,0,28.0,25.0,images/16597785.jpg,https://www.argenprop.com/static-content/58779561/c18f1705-3c95-42fb-969c-a5c341d70058_u_small.jpg,6166852.1406849865,363239.74669980287,2026-01-27 19:05:20.636338,,POINT (363239.74669980287 6166852.1406849865),33.0,Velez Sarsfield,10.0,1,$
18709603,https://www.argenprop.com/departamento-en-alquiler-en-palermo-3-ambientes--18709603,1150000.0,250000.0,80.0,2 dorm.,90.0,3828.0,images/18709603.jpg,https://www.argenprop.com/static-content/30690781/5766a88c-731d-457d-87f5-c118536b907b_u_small.jpg,6171128.809506057,370835.06380940945,2026-01-27 19:05:20.636338,2026-02-01 22:15:38.053924,POINT (370835.06380940945 6171128.809506057),27.0,Recoleta,2.0,3,$
18816248,https://www.argenprop.com/departamento-en-alquiler-en-barrio-norte-2-ambientes--18816248,630000.0,215000.0,40.0,1 dorm.,50.0,3751.0,images/18816248.jpg,https://www.argenprop.com/static-content/84261881/b71d91ce-ba0e-4626-a13c-e892c2f0eb35_u_small.jpg,6172252.885715779,371503.74931206106,2026-01-27 19:05:20.636338,,POINT (371503.74931206106 6172252.885715779),20.0,Palermo,14.0,2,$
18874815,https://www.argenprop.com/departamento-en-alquiler-en-belgrano-r-1-ambiente--18874815,600000.0,160000.0,36.0,0,8.0,3480.0,images/18874815.jpg,https://www.argenprop.com/static-content/51847881/a0d86013-88bc-41a2-92c0-8e1bc7c8afb1_u_small.jpg,6172903.470553686,364997.16378822655,2026-01-27 19:05:20.636338,,POINT (364997.16378822655 6172903.470553686),41.0,Villa Ortuzar,15.0,1,$
18537598,https://www.argenprop.com/departamento-en-alquiler-en-san-telmo-2-ambientes--18537598,700000.0,0.0,36.0,1 dorm.,31.45,3224.0,images/18537598.jpg,https://www.argenprop.com/static-content/89573581/d8232e5d-3146-4bfc-a825-640f1c228ffd_u_small.jpg,6169054.493943507,374209.49472600693,2026-01-27 19:05:20.636338,,POINT (374209.49472600693 6169054.493943507),16.0,Monserrat,1.0,2,$
18506239,https://www.argenprop.com/departamento-en-alquiler-en-belgrano-3-ambientes--18506239,1200000.0,299000.0,60.0,2 dorm.,40.0,1558.0,images/18506239.jpg,https://www.argenprop.com/static-content/93260581/64423fc6-8d0e-40dd-a214-ecae090edca5_u_small.jpg,6174635.101215811,366842.7507542394,2026-01-28 01:43:29.825399,,POINT (366842.7507542394 6174635.101215811),4.0,Belgrano,13.0,3,$
2458360,https://www.argenprop.com/departamento-en-alquiler-en-recoleta-3-ambientes--2458360,930000.0,220000.0,72.0,2 dorm.,50.0,3006.0,images/2458360.jpg,https://www.argenprop.com/static-content/0638542/823cb5e1-354f-4a86-92b3-47abdd2aa8d4_u_small.jpg,6171122.505362326,370939.7220695319,2026-01-27 19:05:20.636338,,POINT (370939.7220695319 6171122.505362326),27.0,Recoleta,2.0,3,$
18260068,https://www.argenprop.com/departamento-en-alquiler-en-barrio-norte--18260068,430000.0,160000.0,32.0,0,40.0,2888.0,images/18260068.jpg,https://www.argenprop.com/static-content/86006281/93a2bc0f-190c-450c-9296-2ebe130d81af_u_small.jpg,6170295.038479507,371738.22135122045,2026-01-27 19:05:20.636338,,POINT (371738.22135122045 6170295.038479507),2.0,Balvanera,3.0,1,$
18596753,https://www.argenprop.com/departamento-en-alquiler-en-caballito-2-ambientes--18596753,550000.0,60000.0,32.0,1 dorm.,40.0,2665.0,images/18596753.jpg,https://www.argenprop.com/static-content/35769581/d147dc64-9786-4d91-84e9-c3b418e18db3_u_small.jpg,6169600.878426839,367636.31291006017,2026-01-27 19:05:20.636338,,POINT (367636.31291006017 6169600.878426839),7.0,Caballito,6.0,2,$
18449093,https://www.argenprop.com/departamento-en-alquiler-en-palermo-1-ambiente--18449093,900000.0,250000.0,33.0,0,10.0,2445.0,images/18449093.jpg,https://www.argenprop.com/static-content/39094481/bea9b5ac-babc-46a3-8e9d-8f747ac1e7c5_u_small.jpg,6172761.965670267,369046.17678553343,2026-01-27 19:05:20.636338,,POINT (369046.17678553343 6172761.965670267),20.0,Palermo,14.0,1,$
18207492,https://www.argenprop.com/departamento-en-alquiler-en-flores-1-ambiente--18207492,550000.0,110000.0,32.0,0,0.0,200.0,images/18207492.jpg,https://proxy.sosiva451.com/proxy/41CA72B0F2EBF1DC85696A933B50120AB55551AF4E36247B3EE1356916892D61D7E279F42E4174AB4081E8C1063410A5C804F189D15A799A70F7CDDC76A402E788009EE178E6FB458C3CB91F931252773141D3D9CB3BA8E6221543F1938E4384,6166377.619881437,365371.1150362872,2026-01-27 19:05:20.636338,,POINT (365371.1150362872 6166377.619881437),12.0,Flores,7.0,1,$
18708703,https://www.argenprop.com/departamento-en-alquiler-en-flores-2-ambientes--18708703,850000.0,50000.0,50.0,1 dorm.,27.255555555555556,45.0,images/18708703.jpg,https://proxy.sosiva451.com/proxy/C48D4CDA651A4AB842765C2B345716DC16EDCE16E5BD255D12EFCD1066CB05571F13EC3E4D2D22D47CE66DEBF2682619130963CFDE3348BF6970F7915590D391DD09D0F10D36BDDB75E36721B345A7CF4AB1901E50F2D3205CB0E9AF709285AA,6165908.711470179,365926.1934478906,2026-01-27 19:05:20.636338,,POINT (365926.1934478906 6165908.711470179),12.0,Flores,7.0,2,$
16836389,https://www.argenprop.com/departamento-en-alquiler-en-barrio-norte-1-ambiente--16836389,450000.0,150000.0,32.0,0,33.39080459770115,0.0,images/16836389.jpg,https://proxy.sosiva451.com/proxy/02E84669D5EB8BF6B1BA3AE6B70414251A85697EA5D5E37317AB697300CBE9619EC8A8889693F4263FB26478E4F3BABD1220BE99835E2F28EB74391BB6527EA32900C4FD1AD1EFC4B75D32F0CDCE4CD9BE0E9A1E5DAD1D73E763D8248096E2CA,6170490.076428829,371405.3190722596,2026-01-27 19:05:20.636338,,POINT (371405.3190722596 6170490.076428829),2.0,Balvanera,3.0,1,$
18665173,https://www.argenprop.com/departamento-en-alquiler-en-flores-1-ambiente--18665173,650000.0,140000.0,37.0,0,27.255555555555556,1438.0,images/18665173.jpg,https://proxy.sosiva451.com/proxy/D4A62FFDE6C206832219D53D88131B7F448A724B13EDA086E04858F58C1462BE4D42C3FCB24A248067B1ABEAA8429FA30689182A6952CEAE5DBDE461F7C2B0DA0BE446802F4701AFE2C209A9C3363A36708F043AEC960DBC126CB630D2981EC2,6166377.619881437,365371.1150362872,2026-01-27 19:05:20.636338,,POINT (365371.1150362872 6166377.619881437),12.0,Flores,7.0,1,$
18908098,https://www.argenprop.com/departamento-en-alquiler-en-caballito-3-ambientes--18908098,1100000.0,140000.0,70.0,2 dorm.,50.0,159.0,images/18908098.jpg,https://proxy.sosiva451.com/proxy/ADDA84D10A33B4DDDAB958C4877B09C20EA60E474F8829F54FE3274A6BA92D907928B98218B43301EC7F5B82E302FA86FE9C9198DB8D4227AD78CDFB362205109C846B9FD6DF1A7AB536F81871AFBA398A1D1AA38DB69C4152642779A7B30FBE,6169223.313531205,367862.7413569029,2026-01-27 19:05:20.636338,,POINT (367862.7413569029 6169223.313531205),7.0,Caballito,6.0,3,$
18628698,https://www.argenprop.com/departamento-en-alquiler-en-recoleta-2-ambientes--18628698,600000.0,90000.0,35.0,1 dorm.,60.0,0.0,images/18628698.jpg,https://proxy.sosiva451.com/proxy/CF3F5C677EFA65238567CA7BAE62173ECBAB985F8CEAAB67C391E7556250C658C36C06B54826E5ADAC7D686D8F0E6EE5EB2DEBA5AE9039108C817CBE86E78AF236173F5A9D32EF30E7E52A9E48CA3374C7605A2C5FACAE4CDD7A94CC1DDF2CF6CAEEF7DD3A10A58B70BA5539D64C02571C4F48936D4A761DBD41AE8BB332A587133F7389162FB91B49E838A7E46655DC,6171939.5965262875,371149.410367923,2026-01-27 19:05:20.636338,,POINT (371149.410367923 6171939.5965262875),27.0,Recoleta,2.0,2,$
18906042,https://www.argenprop.com/departamento-en-alquiler-en-balvanera-3-ambientes--18906042,750000.0,75000.0,50.0,2 dorm.,50.0,0.0,images/18906042.jpg,https://proxy.sosiva451.com/proxy/75A06D238D406A5DA2C3648AAA0A0076BA1C1EEEBD230E3724F072650B6726D6A3202AB2AC36E04F9D0F375402E7B29E0570CB3FA0820FEF2D380D5D3189A98154ED1B4BDAC8D2FFD686B732F3671064A5B428FFE458E9C999117E523C07104E47D6F19B7D36622852E719D98F32AE29383CA3EF8B261A4E1F050EA76F78A5E23DF0A5485BB91707BC1E2F2DBCC8EF31,6169960.184122508,371667.65728498925,2026-01-27 19:05:20.636338,,POINT (371667.65728498925 6169960.184122508),2.0,Balvanera,3.0,3,$
18311579,https://www.argenprop.com/departamento-en-alquiler-en-once-2-ambientes--18311579,480000.0,150000.0,38.0,1 dorm.,30.0,0.0,images/18311579.jpg,https://www.argenprop.com/static-content/97511381/abe5ae84-ef81-4a6b-b7f0-efb845a690b1_u_small.jpg,6170489.743726487,371405.32369722426,2026-01-27 19:09:47.387018,,POINT (371405.32369722426 6170489.743726487),2.0,Balvanera,3.0,2,$
18926028,https://www.argenprop.com/departamento-en-alquiler-en-barrio-norte-4-ambientes--18926028,2000000.0,740000.0,94.0,3 dorm.,60.0,0.0,images/18926028.jpg,https://www.argenprop.com/static-content/82062981/a8901b0a-5c3f-46b3-b659-e229df79af66_u_small.jpg,6171899.555710118,372825.60602269246,2026-01-27 19:09:47.691935,,POINT (372825.60602269246 6171899.555710118),27.0,Recoleta,2.0,4,$
18894882,https://www.argenprop.com/departamento-en-alquiler-en-floresta-1-ambiente--18894882,350000.0,104000.0,34.0,0,0.0,1.0,images/18894882.jpg,https://proxy.sosiva451.com/proxy/814AD12B4EB329BC4DBCA08F3034568AA5284013E05FA89C62996D0FC31342DA0AA9622CD55B1A84401C8106CC76B7496BE27ECDE38DBC89BDE1FE2F94D31FBE2843FAB64946B14B5E6375B3B5DD482EF7C38AB21E3E6A9A000A81F5B85A2728149C954364B0CBD161B8D8199D17C0AC9E1617E532E1BDEB4C4B9209333E35C180521A280475920100ABCABB6909063C,6167526.364138999,363600.5906188047,2026-01-27 19:09:47.742676,,POINT (363600.5906188047 6167526.364138999),13.0,Floresta,10.0,1,$
18916326,https://www.argenprop.com/departamento-en-alquiler-en-barrio-norte-4-ambientes--18916326,950000.0,320000.0,90.0,3 dorm.,50.0,1024.0,images/18916326.jpg,https://www.argenprop.com/static-content/62361981/3338a071-b661-4632-b924-01803b5b1b88_u_small.jpg,6171202.588048091,370796.4249390035,2026-01-27 19:09:47.950065,2026-02-01 22:35:34.257198,POINT (370796.4249390035 6171202.588048091),27.0,Recoleta,2.0,4,$
18880594,https://www.argenprop.com/departamento-en-alquiler-en-recoleta-1-ambiente--18880594,500000.0,100000.0,25.0,0,45.0,0.0,images/18880594.jpg,https://www.argenprop.com/static-content/49508881/78179b15-bb35-4d7d-a1ac-e1778b91a367_u_small.jpg,6170563.662264153,371392.55567275,2026-01-27 19:09:48.645536,,POINT (371392.55567275 6170563.662264153),27.0,Recoleta,2.0,1,$
18261302,https://www.argenprop.com/departamento-en-alquiler-en-san-telmo-3-ambientes--18261302,900000.0,150000.0,50.0,0,60.0,0.0,images/18261302.jpg,https://proxy.sosiva451.com/proxy/A86B1345AA764F89FE6EA4808EBF248043D665AE0BB6FC6E8172F1613CBB09C8638A0B960B1215EB6FFA80DA421A3AE37CED8CC056F2C39EA6384A18B96E224535225C51022BB490ED7F673F0D66AD54B61ED6D5D9072316805C8BA9BDE09A74,6168870.679670511,373988.23731229693,2026-01-27 19:09:48.654378,,POINT (373988.23731229693 6168870.679670511),16.0,Monserrat,1.0,1,$
18926410,https://www.argenprop.com/departamento-en-alquiler-en-villa-devoto-2-ambientes--18926410,600000.0,215000.0,45.0,1 dorm.,20.0,800.0,images/18926410.jpg,https://www.argenprop.com/static-content/01462981/398f49e8-c4f7-4204-8723-b89ad034efda_u_small.jpg,6171160.728684593,361759.63636732695,2026-01-27 19:09:48.618822,,POINT (361759.63636732695 6171160.728684593),37.0,Villa Devoto,11.0,2,$
18245565,https://www.argenprop.com/departamento-en-alquiler-en-belgrano-chico-2-ambientes--18245565,900000.0,170000.0,50.0,0,60.0,0.0,images/18245565.jpg,https://proxy.sosiva451.com/proxy/01464DED2D32A539B27AD67252628DA81792C3A9199D4CD661BCF4B52FB4D3D1CE18D75059FC40DE75BA25C31F0621AE74090335B0BF32628189046D5078F59C9C86E82C6B34E7985FFB5E072B1C81A97FDC4ABBF221451638F1C101FB210AF8,6168870.679670511,373988.23731229693,2026-01-27 19:09:48.753905,,POINT (373988.23731229693 6168870.679670511),16.0,Monserrat,1.0,1,$
18926595,https://www.argenprop.com/departamento-en-alquiler-en-congreso-1-ambiente--18926595,400000.0,150000.0,22.0,0,50.0,0.0,images/18926595.jpg,https://proxy.sosiva451.com/proxy/C40FDF8C7AB57AEE6A5AABFB18049C50224F3848A3669F2AA30CE216A222BAA659E7B5EEAD536A8728DE41D5BBF203E85729C1E77A902180AEDE555F266CAD11D45DFA6CA48B7054D0B80803E1D89063A6419DD1CF53166A094A9DCB7CE8532B89E4CA51356222BC1AC1A73DB1E893AD31778A0EFCAEC2A1BD46E703CA8605D993BBBBB532EBB7E49494D0DC3379CE12D6E3FF369A2E258A9A91E7640CD546D8,6169362.683668563,373012.1636366891,2026-01-27 19:09:49.041764,,POINT (373012.1636366891 6169362.683668563),16.0,Monserrat,1.0,1,$
18927031,https://www.argenprop.com/departamento-en-alquiler-en-palermo-4-ambientes--18927031,1900000.0,0.0,90.0,3 dorm.,2.0,5.0,images/18927031.jpg,https://proxy.sosiva451.com/proxy/E7F263231D4230AFD8DFABC0C700D0AAC50302FFC6C82E36B06D68E7D950F2ABBF0453EE329002C03B014E9294BF10E0FA57DE77C27FFA7DACC6E393288E3AD96896902B1B1196F152BB850B283CACF8CCA39C96A59420306DDB09DD258A500C,6172894.628922424,368858.05393919547,2026-01-27 19:09:49.402634,,POINT (368858.05393919547 6172894.628922424),20.0,Palermo,14.0,4,$
18233342,https://www.argenprop.com/departamento-en-alquiler-en-palermo-2-ambientes--18233342,490000.0,141200.0,34.0,1 dorm.,46.0,0.0,images/18233342.jpg,https://www.argenprop.com/static-content/24333281/64385933-5034-4645-8c51-cf9af3e25644_u_small.jpg,6172885.14152738,368893.05215008574,2026-01-30 20:54:24.103165,,POINT (368893.05215008574 6172885.14152738),20.0,Palermo,14.0,2,$
18940109,https://www.argenprop.com/departamento-en-alquiler-en-san-telmo-3-ambientes--18940109,720000.0,0.0,55.0,2 dorm.,0.0,0.0,images/18940109.jpg,https://www.argenprop.com/static-content/90104981/0fa96bac-414a-496e-9241-5eb3477220ef_u_small.jpg,6168676.496264275,373852.8719413387,2026-01-30 20:54:24.055065,,POINT (373852.8719413387 6168676.496264275),16.0,Monserrat,1.0,3,$
18947823,https://www.argenprop.com/departamento-en-alquiler-en-recoleta--18947823,700000.0,160000.0,40.0,0,35.91869918699187,1.0,images/18947823.jpg,https://www.argenprop.com/static-content/32874981/ec00dab6-6a19-432c-90b8-5c2ce7aa0f21_u_small.jpg,6171837.757350033,371084.7788202675,2026-01-30 20:54:24.071036,,POINT (371084.7788202675 6171837.757350033),27.0,Recoleta,2.0,1,$
