id;url;precio;expensas;area_m2;dormitorios;antiguedad;puntaje_arg_prop;imagen_path;image_url;lat;lon;valido_desde;valido_hasta;geometry;index_right;barrio;comuna;ambientes;moneda
6235109;https://www.argenprop.com/departamento-en-alquiler-en-almagro-1-ambiente--6235109;370000;120000;25.0;0;55.0;315.0;images/6235109.jpg;https://www.argenprop.com/static-content/9015326/83456488-b868-48b3-bf27-e0ccdc6abf45_u_small.jpg;-3.461.081;-5.841.488;2026-01-27 19:05:20.636338;2026-02-01 20:14:32.473940;POINT (-6502714.696350181 -4111116.7537806393);1.0;Almagro;5.0;1;$
18612815;https://www.argenprop.com/departamento-en-alquiler-en-almagro-1-ambiente--18612815;370000;120000;25.0;0;29.971.698.113.207.500;100.0;images/18612815.jpg;https://www.argenprop.com/static-content/51821681/7b4874fd-8ece-4bab-b73d-2367ffaf2e54_u_small.jpg;-3.461.076;-584.145;2026-01-27 19:05:20.636338;2026-02-01 21:10:49.630766;POINT (-6502672.394943679 -4111109.99099174);1.0;Almagro;5.0;1;$
4950960;https://www.argenprop.com/departamento-en-alquiler-en-almagro--4950960;380000;110000;20.0;0;50.0;27.0;images/4950960.jpg;https://www.argenprop.com/static-content/0690594/bcb11220-a27b-45d2-9345-a56b37a4e913_u_small.jpg;-3.461.457;-5.841.788;2026-01-27 19:05:20.636338;;POINT (-6503048.654822559 -4111625.327175907);1.0;Almagro;5.0;1;$
18537399;https://www.argenprop.com/departamento-en-alquiler-en-almagro-1-ambiente--18537399;390000;90000;28.0;0;45.0;176.0;images/18537399.jpg;https://www.argenprop.com/static-content/99373581/84bf5af1-b09c-4e8c-8d15-6fdb9e82f0c0_u_small.jpg;-34.612;-5.841.642;2026-01-27 19:05:20.636338;;POINT (-6502886.128366003 -4111277.709358442);1.0;Almagro;5.0;1;$
18780149;https://www.argenprop.com/departamento-en-alquiler-en-almagro-1-ambiente--18780149;390000;110000;32.0;0;0.0;116.0;images/18780149.jpg;https://www.argenprop.com/static-content/94108781/e0ac9af0-7cdb-4ac7-b0b9-5a8d6e72ba58_u_small.jpg;-3.461.224;-5.841.649;2026-01-27 19:05:20.636338;2026-02-01 21:00:24.957644;POINT (-6502893.920730358 -4111310.171267156);1.0;Almagro;5.0;1;$
18766753;https://www.argenprop.com/departamento-en-alquiler-en-almagro--18766753;450000;95000;29.0;1 dorm.;29.971.698.113.207.500;350.0;images/18766753.jpg;https://www.argenprop.com/static-content/35766781/d214ca08-5046-4b94-9690-771d34d42c53_u_small.jpg;-3.461.165;-584.148;2026-01-27 19:05:20.636338;2026-02-01 20:12:51.161626;POINT (-6502705.790790917 -4111230.3692431212);1.0;Almagro;5.0;2;$
5487289;https://www.argenprop.com/departamento-en-alquiler-en-boedo--5487289;450000;50000;25.0;1 dorm.;40.0;256.0;images/5487289.jpg;https://www.argenprop.com/static-content/9827845/11f8c734-6197-4a2b-96fa-57824a2a1c6a_u_small.jpg;-3.461.552;-5.841.692;2026-01-27 19:05:20.636338;2026-02-01 20:23:36.718149;POINT (-6502941.788111399 -4111753.8267589025);1.0;Almagro;5.0;2;$
18517563;https://www.argenprop.com/departamento-en-alquiler-en-almagro-2-ambientes--18517563;470000;150000;37.0;1 dorm.;50.0;96.0;images/18517563.jpg;https://www.argenprop.com/static-content/36571581/e23f0538-a026-4511-b09d-07ee8cde57e5_u_small.jpg;-34.612;-5.841.632;2026-01-27 19:05:20.636338;2026-02-01 21:19:28.113808;POINT (-6502874.996416922 -4111277.709358442);1.0;Almagro;5.0;2;$
18528747;https://www.argenprop.com/departamento-en-alquiler-en-almagro-2-ambientes--18528747;490000;130000;34.0;1 dorm.;50.0;103.0;images/18528747.jpg;https://www.argenprop.com/static-content/74782581/b1439f21-e9e3-4bdf-97c8-98e4cbc68f31_u_small.jpg;-3.461.169;-584.141;2026-01-27 19:05:20.636338;;POINT (-6502627.867147361 -4111235.779531915);1.0;Almagro;5.0;2;$
10754715;https://www.argenprop.com/departamento-en-alquiler-en-almagro-1-ambiente--10754715;500000;0;28.0;0;29.971.698.113.207.500;51.0;images/10754715.jpg;https://www.argenprop.com/static-content/51745701/875b18ef-51ed-43db-ad25-5be2d0784021_u_small.jpg;-3.461.045;-5.841.599;2026-01-27 19:05:20.636338;;POINT (-6502838.260984961 -4111068.0617914773);1.0;Almagro;5.0;1;$
18938197;https://www.argenprop.com/departamento-en-alquiler-en-almagro--18938197;520000;147000;35.0;0;29.971.698.113.207.500;0.0;images/18938197.jpg;https://www.argenprop.com/static-content/79183981/b355dd16-1fe7-4219-86a0-6bb0a346e56c_u_small.jpg;-3.461.166;-5.841.412;2026-02-01 19:09:53.106629;;POINT (-6502630.093537177 -4111231.7218150757);1.0;Almagro;5.0;1;$
18334362;https://www.argenprop.com/departamento-en-alquiler-en-villa-crespo-2-ambientes--18334362;550000;97000;31.0;1 dorm.;40.0;35.0;images/18334362.jpg;https://www.argenprop.com/static-content/26343381/9c8b6b2d-484f-4d3a-a989-3c438dda0bd3_u_small.jpg;-34.601.646;-5.842.935;2026-01-27 19:05:20.636338;;POINT (-6504325.48938196 -4109877.3378556245);1.0;Almagro;5.0;2;$
2246930;https://www.argenprop.com/departamento-en-alquiler-en-almagro-sur-2-ambientes--2246930;580000;0;38.0;1 dorm.;35.0;50.0;images/2246930.jpg;https://www.argenprop.com/static-content/0396422/215159f9-a891-40a9-9ddb-f08669951218_u_small.jpg;-346.129;-5.841.657;2026-01-27 19:05:20.636338;;POINT (-6502902.826289621 -4111399.442000019);1.0;Almagro;5.0;2;$
18584208;https://www.argenprop.com/departamento-en-alquiler-en-almagro-2-ambientes--18584208;600000;120000;37.0;1 dorm.;45.0;300.0;images/18584208.jpg;https://www.argenprop.com/static-content/80248581/458fce31-5b3a-4760-9870-4f642225e180_u_small.jpg;-3.460.211;-5.843.041;2026-01-27 19:05:20.636338;;POINT (-6504443.488042199 -4109940.089804989);1.0;Almagro;5.0;2;$
18206990;https://www.argenprop.com/departamento-en-alquiler-en-almagro-3-ambientes--18206990;600000;306000;48.0;2 dorm.;50.0;1.0;images/18206990.jpg;https://www.argenprop.com/static-content/09960281/0d8e7b3c-24be-4448-91a1-5cc9c1931070_u_small.jpg;-3.461.125;-5.841.572;2026-01-30 20:54:24.103165;;POINT (-6502808.204722447 -4111176.2664985694);1.0;Almagro;5.0;3;$
18774825;https://www.argenprop.com/departamento-en-alquiler-en-balvanera-1-ambiente--18774825;300000;105000;22.0;0;3.339.080.459.770.110;720.0;images/18774825.jpg;https://www.argenprop.com/static-content/52847781/0dd9d88c-f0c7-47ce-aacf-70045ddacc2e_u_small.jpg;-3.460.146;-5.840.527;2026-01-27 19:05:20.636338;;POINT (-6501644.916043658 -4109852.1830778085);2.0;Balvanera;3.0;1;$
16836389;https://www.argenprop.com/departamento-en-alquiler-en-barrio-norte-1-ambiente--16836389;450000;150000;32.0;0;3.339.080.459.770.110;0.0;images/16836389.jpg;https://proxy.sosiva451.com/proxy/02E84669D5EB8BF6B1BA3AE6B70414251A85697EA5D5E37317AB697300CBE9619EC8A8889693F4263FB26478E4F3BABD1220BE99835E2F28EB74391BB6527EA32900C4FD1AD1EFC4B75D32F0CDCE4CD9BE0E9A1E5DAD1D73E763D8248096E2CA;-3.459.937;-5.840.238;2026-01-27 19:05:20.636338;;POINT (-6501323.202715265 -4109569.533802175);2.0;Balvanera;3.0;1;$
18311579;https://www.argenprop.com/departamento-en-alquiler-en-once-2-ambientes--18311579;480000;150000;38.0;1 dorm.;30.0;0.0;images/18311579.jpg;https://www.argenprop.com/static-content/97511381/abe5ae84-ef81-4a6b-b7f0-efb845a690b1_u_small.jpg;-34.599.373;-5.840.238;2026-01-27 19:09:47.387018;;POINT (-6501323.202715265 -4109569.939513741);2.0;Balvanera;3.0;2;$
16545820;https://www.argenprop.com/departamento-en-alquiler-en-monserrat-1-ambiente--16545820;500000;180000;35.0;0;55.0;200.0;images/16545820.jpg;https://www.argenprop.com/static-content/02854561/73759e0c-1160-47d3-a42c-cf0fdb877bf6_u_small.jpg;-3.460.592;-5.839.334;2026-01-27 19:05:20.636338;;POINT (-6500316.874518494 -4110455.3723040516);2.0;Balvanera;3.0;1;$
16391684;https://www.argenprop.com/departamento-en-alquiler-en-almagro-2-ambientes--16391684;550000;84000;56.54;1 dorm.;3.339.080.459.770.110;100.0;images/16391684.jpg;https://www.argenprop.com/static-content/48619361/db0859f4-3008-4fdd-842d-e083c1423a2f_u_small.jpg;-3.461.149;-5.841.183;2026-01-27 19:05:20.636338;;POINT (-6502375.171903261 -4111208.72811402);2.0;Balvanera;3.0;2;$
18702005;https://www.argenprop.com/departamento-en-alquiler-en-congreso-2-ambientes--18702005;550000;0;40.0;1 dorm.;0.0;100.0;images/18702005.jpg;https://www.argenprop.com/static-content/50020781/3a300aec-b8e1-468f-9faa-b51efc3d5409_u_small.jpg;-3.460.675;-5.839.373;2026-01-27 19:05:20.636338;2026-02-01 21:13:19.862219;POINT (-6500360.289119902 -4110567.6285831057);2.0;Balvanera;3.0;2;$
18626248;https://www.argenprop.com/departamento-en-alquiler-en-balvanera-2-ambientes--18626248;600000;167000;36.0;1 dorm.;55.0;50.0;images/18626248.jpg;https://www.argenprop.com/static-content/84262681/dd66440d-0837-4f7d-8857-2b23f9141685_u_small.jpg;-3.461.018;-5.841.135;2026-01-27 19:05:20.636338;;POINT (-6502321.73854768 -4111031.5429381654);2.0;Balvanera;3.0;2;$
18770351;https://www.argenprop.com/departamento-en-alquiler-en-balvanera-1-ambiente--18770351;630000;220000;33.96;0;12.0;100.0;images/18770351.jpg;https://www.argenprop.com/static-content/15307781/ee4b7e99-3b2c-446f-b6d4-d8aad6f12014_u_small.jpg;-3.460.196;-5.839.658;2026-01-27 19:05:20.636338;;POINT (-6500677.549668664 -4109919.8035761113);2.0;Balvanera;3.0;1;$
18177758;https://www.argenprop.com/departamento-en-alquiler-en-centro-1-ambiente--18177758;650000;150000;40.0;1 dorm.;11.0;0.0;images/18177758.jpg;https://proxy.sosiva451.com/proxy/DA1D4E1C792857E421F2F54037D8616928C5109C54BB4DAEF43806599ABC617A02864AF639FF88F8FE1E7957B8979713282A9B6F3B868EBA7EF5250A2DE206070E33FBC89CC8C1072800538AA05C8172C4E0357C1CC299B971DD2A1F3BF18016C052DD18DF5347F33518FF613090E6E1C1D3EE463F1BE8CAF57A60F532A537DAD2BAD9F0AF7B73339C9F9F28ABC3CC38B527F179078D3A06DDFEDDAA34069217;-34.604.065;-58.395.344;2026-01-27 19:09:49.382381;;POINT (-6500539.958778043 -4110204.490338922);2.0;Balvanera;3.0;2;$
9393052;https://www.argenprop.com/departamento-en-alquiler-en-recoleta-2-ambientes--9393052;670000;99700;40.0;1 dorm.;45.0;1500.0;images/9393052.jpg;https://www.argenprop.com/static-content/2503939/eed8c826-5f23-40ea-a3aa-b189b6a12e35_u_small.jpg;-3.459.919;-5.840.382;2026-01-27 19:05:20.636338;2026-02-01 19:22:51.969442;POINT (-6501483.502782008 -4109545.191135021);2.0;Balvanera;3.0;2;$
5206081;https://www.argenprop.com/departamento-en-alquiler-en-caballito--5206081;450000;120000;39.0;1 dorm.;27.273.224.043.715.800;350.0;images/5206081.jpg;https://www.argenprop.com/static-content/1806025/1c264ac9-f783-4e58-8b93-f7f996c6293f_u_small.jpg;-3.461.609;-58.436;2026-01-27 19:05:20.636338;2026-02-01 20:13:11.955867;POINT (-6505065.763995734 -4111830.9272146164);7.0;Caballito;6.0;2;$
17948438;https://www.argenprop.com/departamento-en-alquiler-en-caballito-2-ambientes--17948438;450000;80000;36.0;1 dorm.;45.0;209.0;images/17948438.jpg;https://www.argenprop.com/static-content/83484971/13575fc5-e8c8-4da7-8806-9033c5d946e7_u_small.jpg;-346.158;-5.843.652;2026-01-27 19:05:20.636338;2026-02-01 20:28:38.642942;POINT (-6505123.650130946 -4111791.700600812);7.0;Caballito;6.0;2;$
18790144;https://www.argenprop.com/departamento-en-alquiler-en-caballito-1-ambiente--18790144;450000;55000;27.0;0;0.0;200.0;images/18790144.jpg;https://www.argenprop.com/static-content/44109781/7c532df9-2fbf-488c-84bb-30e1c2d73053_u_small.jpg;-3.461.451;-5.843.666;2026-01-27 19:05:20.636338;2026-02-01 20:36:33.437379;POINT (-6505139.234859658 -4111617.2114621443);7.0;Caballito;6.0;1;$
18348222;https://www.argenprop.com/departamento-en-alquiler-en-caballito-1-ambiente--18348222;500000;93000;25.0;0;0.0;800.0;images/18348222.jpg;https://www.argenprop.com/static-content/22284381/b2f1f955-10c0-4716-81f4-e0f351212507_u_small.jpg;-3.461.346;-5.843.499;2026-01-27 19:05:20.636338;2026-02-01 19:40:17.433713;POINT (-6504953.331310033 -4111475.1874208474);7.0;Caballito;6.0;1;$
18664860;https://www.argenprop.com/departamento-en-alquiler-en-caballito-2-ambientes--18664860;550000;120000;42.0;1 dorm.;40.0;1060.0;images/18664860.jpg;https://www.argenprop.com/static-content/06846681/2c218ec7-69dc-4df0-ac9b-44d9c3721148_u_small.jpg;-3.461.572;-58.436.787;2026-01-27 19:05:20.636338;2026-02-01 19:30:05.759862;POINT (-6505153.37243499 -4111780.879490088);7.0;Caballito;6.0;2;$
18693885;https://www.argenprop.com/departamento-en-alquiler-en-parque-rivadavia-2-ambientes--18693885;550000;115000;40.0;1 dorm.;27.273.224.043.715.800;90.0;images/18693885.jpg;https://www.argenprop.com/static-content/58839681/0952c785-7f79-4f51-a021-652736f52e1b_u_small.jpg;-3.461.617;-5.843.599;2026-01-27 19:05:20.636338;2026-02-01 21:20:48.051495;POINT (-6505064.650800826 -4111841.7483735764);7.0;Caballito;6.0;2;$
18178688;https://www.argenprop.com/departamento-en-alquiler-en-monserrat-1-ambiente--18178688;300000;150000;25.0;0;50.0;50.0;images/18178688.jpg;https://www.argenprop.com/static-content/88687181/dc734107-e602-43cd-9721-e2bb811ec5b7_u_small.jpg;-34.618.694;-5.838.724;2026-01-27 19:05:20.636338;;POINT (-6499637.825624654 -4112183.1612942554);11.0;Constitucion;1.0;1;$
18545009;https://www.argenprop.com/departamento-en-alquiler-en-constitucion-1-ambiente--18545009;400000;0;24.0;0;50.0;33.0;images/18545009.jpg;https://www.argenprop.com/static-content/90054581/af71b93d-3122-4172-968a-5b753d253461_u_small.jpg;-3.463.147;-5.838.871;2026-01-27 19:05:20.636338;;POINT (-6499801.465276121 -4113911.486806459);11.0;Constitucion;1.0;1;$
18805025;https://www.argenprop.com/departamento-en-alquiler-en-san-cristobal-2-ambientes--18805025;450000;120000;34.0;1 dorm.;62.0;1305.0;images/18805025.jpg;https://www.argenprop.com/static-content/52050881/32209d82-cb96-47aa-8cdd-47450921356c_u_small.jpg;-34.621.113;-5.838.714;2026-01-27 19:05:20.636338;2026-02-01 19:24:22.220036;POINT (-6499626.693675576 -4112510.380964856);11.0;Constitucion;1.0;2;$
15506331;https://www.argenprop.com/departamento-en-alquiler-en-congreso-2-ambientes--15506331;480000;106000;34.0;1 dorm.;48.0;250.0;images/15506331.jpg;https://www.argenprop.com/static-content/13360551/0f2dc086-98ad-4dbf-95d1-0bb300d1ae5d_u_small.jpg;-3.461.848;-5.838.951;2026-01-27 19:05:20.636338;;POINT (-6499890.520868755 -4112154.2138371468);11.0;Constitucion;1.0;2;$
16941721;https://www.argenprop.com/departamento-en-alquiler-en-constitucion-1-ambiente--16941721;500000;277000;44.0;0;15.0;30.0;images/16941721.jpg;https://www.argenprop.com/static-content/12714961/c6ef62ae-8acc-443d-9ef2-ef1d5daf5af6_u_small.jpg;-3.462.012;-5.838.722;2026-01-27 19:05:20.636338;2026-02-01 22:05:21.248496;POINT (-6499635.599234839 -4112376.0560684516);11.0;Constitucion;1.0;1;$
18506052;https://www.argenprop.com/departamento-en-alquiler-en-san-cristobal-1-ambiente--18506052;550000;165000;38.0;1 dorm.;13.0;53.0;images/18506052.jpg;https://www.argenprop.com/static-content/25060581/1e6b3627-79ed-4d1d-a62d-2d4c037ec290_u_small.jpg;-3.462.229;-5.838.644;2026-01-27 19:05:20.636338;2026-02-01 21:42:05.474239;POINT (-6499548.770032019 -4112669.59795386);11.0;Constitucion;1.0;2;$
18297553;https://www.argenprop.com/departamento-en-alquiler-en-constitucion-3-ambientes--18297553;550000;160000;50.0;2 dorm.;70.0;53.0;images/18297553.jpg;https://www.argenprop.com/static-content/35579281/5fddbd96-44ba-43d2-8d45-d8659d8881ca_u_small.jpg;-346.255;-5.838.448;2026-01-27 19:05:20.636338;;POINT (-6499330.583830065 -4113103.8375837654);11.0;Constitucion;1.0;3;$
15811481;https://www.argenprop.com/departamento-en-alquiler-en-monserrat-3-ambientes--15811481;600000;145000;60.0;2 dorm.;50.0;70.0;images/15811481.jpg;https://www.argenprop.com/static-content/18411851/826c9f5c-e923-474c-9f85-d30178a5bf4a_u_small.jpg;-346.222;-5.838.731;2026-01-27 19:05:20.636338;;POINT (-6499645.61798901 -4112657.423253047);11.0;Constitucion;1.0;3;$
18297432;https://www.argenprop.com/departamento-en-alquiler-en-san-cristobal-3-ambientes--18297432;650000;185000;46.0;2 dorm.;50.0;54.0;images/18297432.jpg;https://www.argenprop.com/static-content/23479281/37d9ea7c-dbe2-4c70-bda3-6ffe545a3e9d_u_small.jpg;-3.462.207;-5.838.884;2026-01-27 19:05:20.636338;2026-02-01 21:41:40.718851;POINT (-6499815.9368099235 -4112639.8375974046);11.0;Constitucion;1.0;3;$
18805987;https://www.argenprop.com/departamento-en-alquiler-en-constitucion-2-ambientes--18805987;750000;180000;36.0;1 dorm.;10.0;38.0;images/18805987.jpg;https://www.argenprop.com/static-content/78950881/b5df0359-6c86-4474-bdb2-cdf354c8a2aa_u_small.jpg;-3.462.389;-5.837.864;2026-01-27 19:05:20.636338;;POINT (-6498680.478003832 -4112886.0392833734);11.0;Constitucion;1.0;2;$
18165321;https://www.argenprop.com/departamento-en-alquiler-en-flores-2-ambientes--18165321;400000;120000;39.0;1 dorm.;45.0;112.0;images/18165321.jpg;https://www.argenprop.com/static-content/12356181/5a6e00d0-ede5-437e-93af-dc7a11d059c0_u_small.jpg;-3.462.426;-5.846.527;2026-01-27 19:05:20.636338;2026-02-01 21:01:06.195594;POINT (-6508324.085491253 -4112936.091934945);12.0;Flores;7.0;2;$
18879405;https://www.argenprop.com/departamento-en-alquiler-en-flores-2-ambientes--18879405;400000;132000;31.0;1 dorm.;56.0;0.0;images/18879405.jpg;https://www.argenprop.com/static-content/50497881/2ca14f0b-ce0c-48d8-8f47-2fb5dca6a104_u_small.jpg;-3.462.812;-5.845.726;2026-01-27 19:09:49.247641;;POINT (-6507432.416369999 -4113458.2761504874);12.0;Flores;7.0;2;$
8488292;https://www.argenprop.com/departamento-en-alquiler-en-flores-2-ambientes--8488292;420000;80000;35.0;1 dorm.;45.0;100.0;images/8488292.jpg;https://www.argenprop.com/static-content/2928848/477886e9-b7db-4289-a85a-52cd8d1cccf9_u_small.jpg;-3.462.506;-5.846.381;2026-01-27 19:05:20.636338;;POINT (-6508161.559034696 -4113044.314647249);12.0;Flores;7.0;2;$
18649354;https://www.argenprop.com/departamento-en-alquiler-en-flores-1-ambiente--18649354;420000;110000;31.0;0;15.0;95.0;images/18649354.jpg;https://www.argenprop.com/static-content/45394681/fb4569b4-31c8-4d3a-8446-33e6222171af_u_small.jpg;-3.462.891;-5.845.808;2026-01-27 19:05:20.636338;;POINT (-6507523.6983524505 -4113565.151044303);12.0;Flores;7.0;1;$
16906025;https://www.argenprop.com/departamento-en-alquiler-en-flores--16906025;480000;120000;31.2;0;15.0;450.0;images/16906025.jpg;https://www.argenprop.com/static-content/52060961/6890a579-9529-4b62-95b6-a11799042e6c_u_small.jpg;-3.463.246;-5.846.721;2026-01-27 19:05:20.636338;;POINT (-6508540.045303392 -4114045.4242051807);12.0;Flores;7.0;1;$
18582943;https://www.argenprop.com/departamento-en-alquiler-en-flores-1-ambiente--18582943;480000;128000;32.0;1 dorm.;20.0;352.0;images/18582943.jpg;https://www.argenprop.com/static-content/34928581/bd670cb3-bea9-4c7f-94c7-dee93c162c30_u_small.jpg;-3.463.278;-5.846.642;2026-01-27 19:05:20.636338;;POINT (-6508452.102905666 -4114088.7174435724);12.0;Flores;7.0;2;$
18805204;https://www.argenprop.com/departamento-en-alquiler-en-flores-2-ambientes--18805204;500000;140000;35.0;1 dorm.;50.0;700.0;images/18805204.jpg;https://www.argenprop.com/static-content/40250881/1e2b5bf7-640a-43c5-a963-dcb935232866_u_small.jpg;-3.462.541;-5.846.811;2026-01-27 19:05:20.636338;;POINT (-6508640.232845107 -4113091.6624119827);12.0;Flores;7.0;2;$
18282066;https://www.argenprop.com/departamento-en-alquiler-en-flores-1-ambiente--18282066;500000;80000;32.0;0;0.0;500.0;images/18282066.jpg;https://www.argenprop.com/static-content/66028281/0b02470c-e2d6-4056-8412-823b4e3a4893_u_small.jpg;-34.629.955;-58.459.026;2026-01-27 19:05:20.636338;2026-02-01 19:57:49.265600;POINT (-6507629.006590741 -4113706.525093856);12.0;Flores;7.0;1;$
18714501;https://www.argenprop.com/departamento-en-alquiler-en-flores-sur-2-ambientes--18714501;500000;112000;30.0;1 dorm.;50.0;50.0;images/18714501.jpg;https://www.argenprop.com/static-content/10541781/540b84b2-0435-4cfe-9243-a409f193222e_u_small.jpg;-3.463.403;-5.846.202;2026-01-27 19:05:20.636338;;POINT (-6507962.297146175 -4114257.833256421);12.0;Flores;7.0;2;$
18702756;https://www.argenprop.com/departamento-en-alquiler-en-flores-sur-1-ambiente--18702756;520000;120000;37.0;0;12.0;600.0;images/18702756.jpg;https://www.argenprop.com/static-content/65720781/cc3d1a33-e44b-410f-a48b-35f4d55ecf2e_u_small.jpg;-3.463.215;-5.846.984;2026-01-27 19:05:20.636338;;POINT (-6508832.815564179 -4114003.4840397476);12.0;Flores;7.0;1;$
2457669;https://www.argenprop.com/departamento-en-alquiler-en-flores-2-ambientes--2457669;550000;120000;43.0;1 dorm.;10.0;35.0;;/content/images/listing-camera.svg;-3.463.393;-5.846.791;2026-01-27 19:05:20.636338;;POINT (-6508617.968946949 -4114244.3038976113);12.0;Flores;7.0;2;$
10873526;https://www.argenprop.com/departamento-en-alquiler-en-flores-1-ambiente--10873526;580000;0;36.0;0;0.0;625.0;images/10873526.jpg;https://www.argenprop.com/static-content/62537801/dd69c959-ab4c-4e1b-8264-c47c691e6ef1_u_small.jpg;-3.464.113;-5.845.667;2026-01-27 19:05:20.636338;;POINT (-6507366.7378704315 -4115218.459426048);12.0;Flores;7.0;1;$
6084056;https://www.argenprop.com/departamento-en-alquiler-en-flores-sur-2-ambientes--6084056;580000;0;42.0;1 dorm.;35.0;517.0;images/6084056.jpg;https://www.argenprop.com/static-content/6504806/50c5052c-923d-46bb-bf92-c6b17014461f_u_small.jpg;-346.267;-5.845.998;2026-01-27 19:05:20.636338;;POINT (-6507735.205384957 -4113266.174469454);12.0;Flores;7.0;2;$
18416930;https://www.argenprop.com/departamento-en-alquiler-en-flores-norte-2-ambientes--18416930;600000;118000;50.0;1 dorm.;40.0;1900.0;images/18416930.jpg;https://www.argenprop.com/static-content/03961481/93e50b7a-489f-45dc-891b-fc6ecb3ee9fa_u_small.jpg;-34.634.644;-58.461.674;2026-01-27 19:05:20.636338;;POINT (-6507923.780602361 -4114340.903877039);12.0;Flores;7.0;2;$
18643219;https://www.argenprop.com/departamento-en-alquiler-en-flores-norte-1-ambiente--18643219;600000;70000;37.0;0;0.0;1880.0;images/18643219.jpg;https://www.argenprop.com/static-content/91234681/6266ce67-51a1-49d8-919f-7b45b1f3b9f3_u_small.jpg;-3.462.656;-58.458.023;2026-01-27 19:05:20.636338;;POINT (-6507517.353141475 -4113247.235045148);12.0;Flores;7.0;1;$
18693100;https://www.argenprop.com/departamento-en-alquiler-en-flores-3-ambientes--18693100;600000;100000;41.0;2 dorm.;60.0;500.0;images/18693100.jpg;https://www.argenprop.com/static-content/00139681/f8bdeba0-7485-4750-b84d-de70fcbbd000_u_small.jpg;-34.628.056;-58.458.508;2026-01-27 19:05:20.636338;2026-02-01 19:59:50.638416;POINT (-6507571.34309451 -4113449.6179758017);12.0;Flores;7.0;3;$
10870683;https://www.argenprop.com/departamento-en-alquiler-en-flores-2-ambientes--10870683;600000;113000;40.0;1 dorm.;27.255.555.555.555.500;355.0;images/10870683.jpg;https://www.argenprop.com/static-content/38607801/dd36b415-1a03-4fee-8af8-390c9c18d12f_u_small.jpg;-3.463.413;-5.845.941;2026-01-27 19:05:20.636338;;POINT (-6507671.753275204 -4114271.362631541);12.0;Flores;7.0;2;$
11184815;https://www.argenprop.com/departamento-en-alquiler-en-flores-2-ambientes--11184815;600000;147250;45.0;1 dorm.;50.0;300.0;images/11184815.jpg;https://www.argenprop.com/static-content/51848111/a4e592bc-75b3-4100-8796-fd00dc285a7c_u_small.jpg;-3.462.443;-5.845.887;2026-01-27 19:05:20.636338;2026-02-01 20:17:20.377176;POINT (-6507611.640750176 -4112959.0891740075);12.0;Flores;7.0;2;$
18927080;https://www.argenprop.com/departamento-en-alquiler-en-flores-2-ambientes--18927080;600000;84000;36.0;1 dorm.;48.0;100.0;images/18927080.jpg;https://www.argenprop.com/static-content/08072981/985387e1-e45b-49be-bbcd-890f0b70d79b_u_small.jpg;-3.462.599;-5.845.825;2026-01-27 19:09:49.503746;;POINT (-6507542.622665885 -4113170.124861816);12.0;Flores;7.0;2;$
18418278;https://www.argenprop.com/departamento-en-alquiler-en-flores-2-ambientes--18418278;650000;120000;40.0;1 dorm.;35.0;2000.0;images/18418278.jpg;https://www.argenprop.com/static-content/87281481/56594469-cb5b-4eb8-918c-05385359fec6_u_small.jpg;-34.633.545;-58.460.445;2026-01-27 19:05:20.636338;;POINT (-6507786.968948176 -4114192.2160184663);12.0;Flores;7.0;2;$
18418232;https://www.argenprop.com/departamento-en-alquiler-en-flores-2-ambientes--18418232;650000;98000;38.0;1 dorm.;40.0;1899.0;images/18418232.jpg;https://www.argenprop.com/static-content/23281481/11443f54-38d3-48e2-8681-341ae495d78b_u_small.jpg;-346.347;-58.461.975;2026-01-27 19:05:20.636338;;POINT (-6507957.287769089 -4114348.4803811815);12.0;Flores;7.0;2;$
18722825;https://www.argenprop.com/departamento-en-alquiler-en-flores-3-ambientes--18722825;650000;200000;72.0;2 dorm.;60.0;200.0;images/18722825.jpg;https://www.argenprop.com/static-content/52822781/c5bf9d9b-472f-441e-a58d-bfc260b127d4_u_small.jpg;-3.462.532;-5.845.613;2026-01-27 19:05:20.636338;;POINT (-6507306.625345403 -4113079.4872534056);12.0;Flores;7.0;3;$
18362728;https://www.argenprop.com/departamento-en-alquiler-en-flores-1-ambiente--18362728;650000;270000;38.0;1 dorm.;0.0;175.0;images/18362728.jpg;https://www.argenprop.com/static-content/82726381/13d987c4-b2f5-49bf-9e21-7032cf173d30_u_small.jpg;-34.633.938;-5.846.575;2026-01-27 19:05:20.636338;2026-02-01 20:46:46.263341;POINT (-6508377.518846834 -4114245.3862457154);12.0;Flores;7.0;2;$
18508807;https://www.argenprop.com/departamento-en-alquiler-en-flores-norte-1-ambiente--18508807;650000;0;35.0;0;29.0;136.0;images/18508807.jpg;https://www.argenprop.com/static-content/70880581/ac7c4080-be12-4d92-8e61-8c8fbe63d30c_u_small.jpg;-346.237;-584.636;2026-01-27 19:05:20.636338;;POINT (-6508138.181941628 -4112860.3366571325);12.0;Flores;7.0;1;$
18665173;https://www.argenprop.com/departamento-en-alquiler-en-flores-1-ambiente--18665173;650000;140000;37.0;0;27.255.555.555.555.500;1438.0;images/18665173.jpg;https://proxy.sosiva451.com/proxy/D4A62FFDE6C206832219D53D88131B7F448A724B13EDA086E04858F58C1462BE4D42C3FCB24A248067B1ABEAA8429FA30689182A6952CEAE5DBDE461F7C2B0DA0BE446802F4701AFE2C209A9C3363A36708F043AEC960DBC126CB630D2981EC2;-3.463.567;-5.846.882;2026-01-27 19:05:20.636338;;POINT (-6508719.26968357 -4114479.717068132);12.0;Flores;7.0;1;$
18774795;https://www.argenprop.com/departamento-en-alquiler-en-flores-2-ambientes--18774795;700000;200000;40.0;1 dorm.;27.255.555.555.555.500;600.0;images/18774795.jpg;https://www.argenprop.com/static-content/59747781/4700c049-bd19-41e6-a96f-174b534869d5_u_small.jpg;-346.249;-5.845.774;2026-01-27 19:05:20.636338;;POINT (-6507485.84972558 -4113022.670021318);12.0;Flores;7.0;2;$
18549375;https://www.argenprop.com/departamento-en-alquiler-en-flores-3-ambientes--18549375;700000;217000;68.0;2 dorm.;27.255.555.555.555.500;120.0;images/18549375.jpg;https://www.argenprop.com/static-content/57394581/16109ac2-14e4-4d3c-81cc-c69b9d7b9d32_u_small.jpg;-3.462.829;-5.845.685;2026-01-27 19:05:20.636338;;POINT (-6507386.775378774 -4113481.2744594268);12.0;Flores;7.0;3;$
18326481;https://www.argenprop.com/departamento-en-alquiler-en-flores-3-ambientes--18326481;700000;200000;62.0;2 dorm.;50.0;101.0;images/18326481.jpg;https://www.argenprop.com/static-content/18462381/a03ef968-c5b9-4ed1-b9d2-3bf474d3d880_u_small.jpg;-3.462.775;-5.846.075;2026-01-27 19:05:20.636338;;POINT (-6507820.921392868 -4113408.221170392);12.0;Flores;7.0;3;$
18552264;https://www.argenprop.com/departamento-en-alquiler-en-flores-norte-3-ambientes--18552264;720000;200000;60.0;2 dorm.;27.255.555.555.555.500;350.0;images/18552264.jpg;https://www.argenprop.com/static-content/46225581/2bbeeb75-2276-4054-9e00-1f4da3ee8e32_u_small.jpg;-34.625.164;-58.467.274;2026-01-27 19:05:20.636338;;POINT (-6508547.169750803 -4113058.383676486);12.0;Flores;7.0;3;$
17896192;https://www.argenprop.com/departamento-en-alquiler-en-flores-3-ambientes--17896192;730000;122000;51.0;2 dorm.;0.0;110.0;images/17896192.jpg;https://www.argenprop.com/static-content/29169871/e2035a8e-e83c-4b00-a3f2-485237363c4e_u_small.jpg;-3.462.745;-5.846.366;2026-01-27 19:05:20.636338;2026-02-01 21:01:42.383174;POINT (-6508144.861111076 -4113367.636215266);12.0;Flores;7.0;3;$
18780691;https://www.argenprop.com/departamento-en-alquiler-en-caballito-2-ambientes--18780691;750000;94000;40.0;1 dorm.;27.255.555.555.555.500;111.0;images/18780691.jpg;https://www.argenprop.com/static-content/19608781/686e4e16-4d19-41e0-91a3-a60d3daaa90e_u_small.jpg;-346.265;-5.845.531;2026-01-27 19:05:20.636338;2026-02-01 21:01:37.526533;POINT (-6507215.343362952 -4113239.118158799);12.0;Flores;7.0;2;$
18896604;https://www.argenprop.com/departamento-en-alquiler-en-flores-norte-3-ambientes--18896604;750000;200000;55.0;2 dorm.;30.0;3117.0;images/18896604.jpg;https://www.argenprop.com/static-content/40669881/88b95fdb-7203-489c-9db7-72883619978c_u_small.jpg;-3.462.528;-5.846.773;2026-01-27 19:05:20.636338;;POINT (-6508597.931438605 -4113074.0760760535);12.0;Flores;7.0;3;$
18925307;https://www.argenprop.com/departamento-en-alquiler-en-flores-3-ambientes--18925307;750000;263000;53.0;2 dorm.;45.0;0.0;images/18925307.jpg;https://www.argenprop.com/static-content/70352981/29b8bb54-62b3-4111-ac14-eef8675c0ca4_u_small.jpg;-3.463.358;-5.846.549;2026-01-27 19:09:48.178460;;POINT (-6508348.5757792285 -4114196.951270217);12.0;Flores;7.0;3;$
18694351;https://www.argenprop.com/departamento-en-alquiler-en-flores-4-ambientes--18694351;800000;200000;81.0;3 dorm.;50.0;200.0;images/18694351.jpg;https://www.argenprop.com/static-content/15349681/9de68f47-e8a6-4a32-abab-7e7d2bea02f2_u_small.jpg;-3.462.577;-5.846.751;2026-01-27 19:05:20.636338;;POINT (-6508573.441150631 -4113140.3631783496);12.0;Flores;7.0;4;$
18621144;https://www.argenprop.com/departamento-en-alquiler-en-flores-3-ambientes--18621144;800000;190000;60.0;2 dorm.;50.0;100.0;images/18621144.jpg;https://www.argenprop.com/static-content/44112681/1cb35f86-8801-4275-9be7-fdaff8681fd4_u_small.jpg;-3.462.975;-5.846.046;2026-01-27 19:05:20.636338;2026-02-01 21:11:00.536142;POINT (-6507788.638740538 -4113678.791288231);12.0;Flores;7.0;3;$
18894882;https://www.argenprop.com/departamento-en-alquiler-en-floresta-1-ambiente--18894882;350000;104000;34.0;0;0.0;1.0;images/18894882.jpg;https://proxy.sosiva451.com/proxy/814AD12B4EB329BC4DBCA08F3034568AA5284013E05FA89C62996D0FC31342DA0AA9622CD55B1A84401C8106CC76B7496BE27ECDE38DBC89BDE1FE2F94D31FBE2843FAB64946B14B5E6375B3B5DD482EF7C38AB21E3E6A9A000A81F5B85A2728149C954364B0CBD161B8D8199D17C0AC9E1617E532E1BDEB4C4B9209333E35C180521A280475920100ABCABB6909063C;-3.462.508;-58.487.946;2026-01-27 19:09:47.742676;;POINT (-6510848.366264481 -4113047.0202284255);13.0;Floresta;10.0;1;$
18431345;https://www.argenprop.com/departamento-en-alquiler-en-floresta-1-ambiente--18431345;400000;86000;23.0;1 dorm.;8.0;790.0;images/18431345.jpg;https://www.argenprop.com/static-content/54313481/80696115-3c58-4285-a79c-6f117eadfbdf_u_small.jpg;-3.462.595;-5.848.941;2026-01-27 19:05:20.636338;2026-02-01 19:41:02.061360;POINT (-6511011.337999002 -4113164.713640771);13.0;Floresta;10.0;2;$
18236401;https://www.argenprop.com/departamento-en-alquiler-en-floresta-1-ambiente--18236401;420000;80000;22.0;0;50.0;415.0;images/18236401.jpg;https://www.argenprop.com/static-content/10463281/511aeee0-a82e-4d19-99b7-d055ff503976_u_small.jpg;-3.463.177;-5.848.409;2026-01-27 19:05:20.636338;;POINT (-6510419.1183079835 -4113952.0737281856);13.0;Floresta;10.0;1;$
18739840;https://www.argenprop.com/departamento-en-alquiler-en-floresta-1-ambiente--18739840;450000;40000;20.0;0;40.0;498.0;images/18739840.jpg;https://www.argenprop.com/static-content/04893781/46d8e87e-e1c8-4cd3-8c2a-78158f637738_u_small.jpg;-3.462.321;-5.848.555;2026-01-27 19:05:20.636338;;POINT (-6510581.644764541 -4112794.0512084165);13.0;Floresta;10.0;1;$
18282821;https://www.argenprop.com/departamento-en-alquiler-en-floresta-2-ambientes--18282821;520000;130000;40.0;1 dorm.;60.0;400.0;images/18282821.jpg;https://www.argenprop.com/static-content/12828281/e0f103e6-45b5-4a24-9a8f-713d9f6afa69_u_small.jpg;-3.462.867;-5.848.541;2026-01-27 19:05:20.636338;2026-02-01 20:07:29.570736;POINT (-6510566.06003583 -4113532.682614512);13.0;Floresta;10.0;2;$
18880184;https://www.argenprop.com/departamento-en-alquiler-en-floresta-2-ambientes--18880184;520000;110000;40.0;1 dorm.;2.917.391.304.347.820;30.0;images/18880184.jpg;https://www.argenprop.com/static-content/48108881/44e25579-1269-43b4-a178-1e8db1467b28_u_small.jpg;-3.463.179;-5.848.256;2026-01-27 19:09:47.564006;;POINT (-6510248.799487068 -4113954.7795281853);13.0;Floresta;10.0;2;$
18504519;https://www.argenprop.com/departamento-en-alquiler-en-floresta-1-ambiente--18504519;550000;100000;37.0;0;0.0;454.0;images/18504519.jpg;https://www.argenprop.com/static-content/91540581/90b2ce66-6056-4e8b-aa79-12ffcfb66c57_u_small.jpg;-3.462.618;-5.849.066;2026-01-27 19:05:20.636338;;POINT (-6511150.487362495 -4113195.828197401);13.0;Floresta;10.0;1;$
18514964;https://www.argenprop.com/departamento-en-alquiler-en-floresta-2-ambientes--18514964;550000;45000;35.0;1 dorm.;55.0;50.0;images/18514964.jpg;https://www.argenprop.com/static-content/46941581/57eb4ffe-d01f-48ff-880c-3e3e120099c7_u_small.jpg;-3.462.629;-5.848.474;2026-01-27 19:05:20.636338;2026-02-01 21:48:30.457567;POINT (-6510491.475976999 -4113210.709102799);13.0;Floresta;10.0;2;$
7806103;https://www.argenprop.com/departamento-en-alquiler-en-floresta-2-ambientes--7806103;600000;140000;35.0;1 dorm.;50.0;306.0;images/7806103.jpg;https://www.argenprop.com/static-content/3016087/bd6bbac9-4dd1-4344-93ea-1f8856d582aa_u_small.jpg;-3.462.833;-5.848.825;2026-01-27 19:05:20.636338;;POINT (-6510882.207389683 -4113486.6858330853);13.0;Floresta;10.0;2;$
18506458;https://www.argenprop.com/departamento-en-alquiler-en-floresta-2-ambientes--18506458;600000;135000;50.0;1 dorm.;45.0;181.0;images/18506458.jpg;https://www.argenprop.com/static-content/85460581/2843e2e7-3d3b-4833-9da8-7b0d256f1d81_u_small.jpg;-34.629.826;-58.485.546;2026-01-27 19:05:20.636338;;POINT (-6510581.199486578 -4113689.073081347);13.0;Floresta;10.0;2;$
18498996;https://www.argenprop.com/departamento-en-alquiler-en-floresta-1-ambiente--18498996;650000;100000;39.0;0;0.0;403.0;images/18498996.jpg;https://www.argenprop.com/static-content/69989481/da4db1ae-0242-46f2-b3f7-05b3f11973a2_u_small.jpg;-3.462.618;-5.849.066;2026-01-27 19:05:20.636338;;POINT (-6511150.487362495 -4113195.828197401);13.0;Floresta;10.0;1;$
18740354;https://www.argenprop.com/departamento-en-alquiler-en-boca-3-ambientes--18740354;700000;130000;60.0;2 dorm.;20.0;30.0;;/content/images/listing-camera.svg;-3.463.041;-5.836.785;2026-01-27 19:05:20.636338;2026-02-01 22:08:48.525049;POINT (-6497479.340698171 -4113768.080858508);5.0;La Boca;4.0;3;$
18910261;https://www.argenprop.com/departamento-en-alquiler-en-flores-1-ambiente--18910261;480000;98000;25.0;1 dorm.;50.0;0.0;images/18910261.jpg;https://proxy.sosiva451.com/proxy/2DB2CF51219FD358EE74C5987261701B64566246E0DC60813B5AE1C60CF7169B31C89B4A993FE05F0AEC0AF81E55F6F3CA60D3EB641F3A601B0BBDE155BFB6FB7C0D85A17CD1E18C6746E6C9417A060702EC0F87DDE19EC097914C60ADAA82552861A43172F848ACEE15D45297B76EA0;-346.083;-583.712;2026-01-27 19:05:20.636338;;POINT (-6497852.2609923305 -4110777.2668074574);16.0;Monserrat;1.0;2;$
18916939;https://www.argenprop.com/departamento-en-alquiler-en-san-telmo-2-ambientes--18916939;600000;110000;55.0;1 dorm.;60.0;92.0;images/18916939.jpg;https://www.argenprop.com/static-content/93961981/8fa3942b-cb9c-41a8-81d6-e6bf9295335c_u_small.jpg;-3.461.728;-58.378.628;2026-01-27 19:09:48.210432;;POINT (-6498679.142169943 -4111991.8930304376);16.0;Monserrat;1.0;2;$
18926216;https://www.argenprop.com/departamento-en-alquiler-en-belgrano-1-ambiente--18926216;550000;115000;22.0;0;45.0;50.0;images/18926216.jpg;https://www.argenprop.com/static-content/61262981/f7efb320-42eb-471d-bb72-b3983b3143c3_u_small.jpg;-34.574.127;-58.441.692;2026-01-27 19:09:48.099968;;POINT (-6505699.39453733 -4106156.2600601865);20.0;Palermo;14.0;1;$
18938237;https://www.argenprop.com/departamento-en-alquiler-en-belgrano-3-ambientes--18938237;780000;279300;53.63;2 dorm.;2.731.122.448.979.590;0.0;images/18938237.jpg;https://www.argenprop.com/static-content/73283981/5330c666-4fba-4c40-877d-a0d11ffd1633_u_small.jpg;-3.457.308;-5.844.147;2026-02-01 19:09:53.112870;;POINT (-6505674.681610374 -4106014.710624288);20.0;Palermo;14.0;3;$
18770784;https://www.argenprop.com/departamento-en-alquiler-en-san-cristobal-2-ambientes--18770784;500000;0;5.0;1 dorm.;0.0;989.0;images/18770784.jpg;https://www.argenprop.com/static-content/48707781/678aa3ec-9296-423b-b155-71f3e144ddf9_u_small.jpg;-3.462.894;-5.839.855;2026-01-27 19:05:20.636338;2026-02-01 19:34:37.167296;POINT (-6500896.849065525 -4113569.209604631);24.0;Parque Patricios;4.0;2;$
12804614;https://www.argenprop.com/departamento-en-alquiler-en-parque-patricios--12804614;500000;0;44.0;0;2.0;176.0;images/12804614.jpg;https://www.argenprop.com/static-content/41640821/fcadfef6-17e7-4c29-881c-6a609a4005b1_u_small.jpg;-3.463.074;-58.391.964;2026-01-27 19:05:20.636338;;POINT (-6500163.698899162 -4113812.7259100275);24.0;Parque Patricios;4.0;1;$
12013347;https://www.argenprop.com/departamento-en-alquiler-en-paternal-2-ambientes--12013347;470000;100000;35.0;1 dorm.;13.333.333.333.333.300;115.0;images/12013347.jpg;https://www.argenprop.com/static-content/74331021/a23007b5-b754-44c7-8e3a-e7250b74777e_u_small.jpg;-3.460.112;-5.847.329;2026-01-27 19:05:20.636338;2026-02-01 21:00:54.989565;POINT (-6509216.867807415 -4109806.2013715017);25.0;Paternal;15.0;2;$
18152473;https://www.argenprop.com/departamento-en-alquiler-en-retiro--18152473;380000;175000;33.0;0;40.0;67.0;images/18152473.jpg;https://www.argenprop.com/static-content/37425181/0ec2d90a-004a-4edf-a1d2-56cfe2e6ce3d_u_small.jpg;-3.459.873;-5.837.915;2026-01-27 19:05:20.636338;;POINT (-6498737.250944138 -4109482.982336414);28.0;Retiro;1.0;1;$
18447293;https://www.argenprop.com/departamento-en-alquiler-en-centro-1-ambiente--18447293;400000;140000;35.0;0;55.0;651.0;images/18447293.jpg;https://www.argenprop.com/static-content/39274481/56142bbf-e024-4328-ac99-c59059af99cf_u_small.jpg;-34.598.804;-58.379.314;2026-01-27 19:05:20.636338;2026-02-01 19:47:10.988457;POINT (-6498755.507340628 -4109492.9898155443);28.0;Retiro;1.0;1;$
18522706;https://www.argenprop.com/departamento-en-alquiler-en-centro-2-ambientes--18522706;425000;200000;33.0;1 dorm.;45.0;30.0;images/18522706.jpg;https://www.argenprop.com/static-content/60722581/ca6f0531-f2f3-47d0-9262-2e63c4b86b6d_u_small.jpg;-34.598.293;-5.837.844;2026-01-27 19:05:20.636338;2026-02-01 22:06:39.943295;POINT (-6498658.214105673 -4109423.8842968526);28.0;Retiro;1.0;2;$
17702251;https://www.argenprop.com/departamento-en-alquiler-en-barrio-norte--17702251;700000;100000;36.0;1 dorm.;60.0;59.0;images/17702251.jpg;https://www.argenprop.com/static-content/15220771/c9c55a2d-e194-48cb-b10c-9c508ac09e08_u_small.jpg;-3.459.887;-5.838.105;2026-01-27 19:05:20.636338;;POINT (-6498948.757976644 -4109501.9154125606);28.0;Retiro;1.0;2;$
18409124;https://www.argenprop.com/departamento-en-alquiler-en-san-cristobal-1-ambiente--18409124;400000;100000;20.0;0;10.0;135.0;images/18409124.jpg;https://www.argenprop.com/static-content/42190481/4b9fcd0d-709c-4c41-9e70-7d453937739f_u_small.jpg;-3.461.862;-5.839.861;2026-01-27 19:05:20.636338;;POINT (-6500903.528234973 -4112173.1514174673);30.0;San Cristobal;3.0;1;$
18295183;https://www.argenprop.com/departamento-en-alquiler-en-san-cristobal-1-ambiente--18295183;500000;140000;40.0;0;0.0;100.0;images/18295183.jpg;https://www.argenprop.com/static-content/38159281/772dd0df-6eea-4ab7-9035-c589b8cf069d_u_small.jpg;-3.461.867;-5.839.905;2026-01-27 19:05:20.636338;2026-02-01 21:07:57.567326;POINT (-6500952.508810923 -4112179.914846753);30.0;San Cristobal;3.0;1;$
6460942;https://www.argenprop.com/departamento-en-alquiler-en-microcentro-2-ambientes--6460942;380000;120000;35.0;1 dorm.;60.0;300.0;images/6460942.jpg;https://www.argenprop.com/static-content/2490646/1b1083ac-42ae-4576-b105-16c823c46ef0_u_small.jpg;-3.460.133;-5.837.754;2026-01-27 19:05:20.636338;2026-02-01 20:21:03.074657;POINT (-6498558.026563959 -4109834.6018149327);31.0;San Nicolas;1.0;2;$
18927453;https://www.argenprop.com/departamento-en-alquiler-en-centro-1-ambiente--18927453;480000;190000;30.0;0;36.0;0.0;images/18927453.jpg;https://www.argenprop.com/static-content/35472981/6d748900-5dce-4e17-a1b6-2e3b81908127_u_small.jpg;-3.460.004;-5.837.891;2026-01-30 20:54:24.071036;;POINT (-6498710.534266346 -4109660.1430824515);31.0;San Nicolas;1.0;1;$
18500373;https://www.argenprop.com/departamento-en-alquiler-en-san-nicolas-1-ambiente--18500373;500000;130000;36.0;0;60.0;50.0;images/18500373.jpg;https://www.argenprop.com/static-content/37300581/fdf8d22c-7a8a-44b5-b1f5-a4319a2f1ee1_u_small.jpg;-3.459.916;-5.837.669;2026-01-27 19:05:20.636338;;POINT (-6498463.404996786 -4109541.1340289568);31.0;San Nicolas;1.0;1;$
18438051;https://www.argenprop.com/departamento-en-alquiler-en-san-nicolas-2-ambientes--18438051;500000;150000;38.0;0;43.369.565.217.391.300;41.0;images/18438051.jpg;https://www.argenprop.com/static-content/15083481/ec7af446-1b42-489e-8d26-ca60c58ec631_u_small.jpg;-3.460.764;-5.837.683;2026-01-27 19:05:20.636338;;POINT (-6498478.989725497 -4110688.0010206155);31.0;San Nicolas;1.0;1;$
18114979;https://www.argenprop.com/departamento-en-alquiler-en-microcentro-1-ambiente--18114979;550000;0;33.0;0;43.369.565.217.391.300;105.0;images/18114979.jpg;https://www.argenprop.com/static-content/97941181/b059d0df-8df6-4973-8ee9-a521e02956ca_u_small.jpg;-3.460.562;-5.837.663;2026-01-27 19:05:20.636338;;POINT (-6498456.725827338 -4110414.798021437);31.0;San Nicolas;1.0;1;$
18485624;https://www.argenprop.com/departamento-en-alquiler-en-san-nicolas-2-ambientes--18485624;600000;130000;39.0;1 dorm.;40.0;26.0;images/18485624.jpg;https://www.argenprop.com/static-content/42658481/5c0e8a40-ba13-47e1-bb76-e3ac90c7df5b_u_small.jpg;-34.607.933;-5.837.653;2026-01-27 19:05:20.636338;;POINT (-6498445.593878258 -4110727.629532345);31.0;San Nicolas;1.0;2;$
18373752;https://www.argenprop.com/departamento-en-alquiler-en-san-telmo--18373752;500000;127000;36.0;0;23.1;50.0;images/18373752.jpg;https://www.argenprop.com/static-content/25737381/ef09b17a-38ec-47b2-af94-1396fbda9511_u_small.jpg;-3.462.133;-5.836.847;2026-01-27 19:05:20.636338;;POINT (-6497548.358782465 -4112539.73515923);32.0;San Telmo;1.0;1;$
18888190;https://www.argenprop.com/departamento-en-alquiler-en-san-telmo-1-ambiente--18888190;580000;240000;35.0;0;4.0;380.0;images/18888190.jpg;https://www.argenprop.com/static-content/09188881/0ab148ac-a71d-492d-aaec-75b4bcd8e7e1_u_small.jpg;-3.462.181;-5.836.847;2026-02-01 19:09:53.206289;;POINT (-6497548.358782465 -4112604.6663687634);32.0;San Telmo;1.0;1;$
18758791;https://www.argenprop.com/departamento-en-alquiler-en-floresta-2-ambientes--18758791;85000;85000;65.0;2 dorm.;0.0;2463.0;images/18758791.jpg;https://www.argenprop.com/static-content/19785781/29c66f81-662b-4787-bb64-bbee26698cd0_u_small.jpg;-3.463.205;-58.485;2026-01-27 19:05:20.636338;2026-02-01 19:13:50.044356;POINT (-6510520.4190446045 -4113989.9549875557);33.0;Velez Sarsfield;10.0;3;$
12465891;https://www.argenprop.com/departamento-en-alquiler-en-floresta-1-ambiente--12465891;440000;150000;33.0;0;0.0;115.0;images/12465891.jpg;https://www.argenprop.com/static-content/19856421/4a38963a-7fb5-488f-9d19-dee1e8333ee0_u_small.jpg;-3.463.527;-5.848.439;2026-01-27 19:05:20.636338;;POINT (-6510452.51415522 -4114425.59866076);33.0;Velez Sarsfield;10.0;1;$
18658277;https://www.argenprop.com/departamento-en-alquiler-en-floresta-2-ambientes--18658277;450000;70000;40.0;1 dorm.;45.0;50.0;images/18658277.jpg;https://www.argenprop.com/static-content/77285681/6981bbf3-b0cf-4bfa-9a8f-d1b07357ae66_u_small.jpg;-3.463.509;-5.848.653;2026-01-27 19:05:20.636338;2026-02-01 21:50:01.675410;POINT (-6510690.737865519 -4114401.2454625876);33.0;Velez Sarsfield;10.0;2;$
18670448;https://www.argenprop.com/departamento-en-alquiler-en-floresta-2-ambientes--18670448;500000;70000;36.0;1 dorm.;239.375;305.0;images/18670448.jpg;https://www.argenprop.com/static-content/84407681/b4692548-45dc-421a-bc0a-27db6346e0e3_u_small.jpg;-3.463.509;-5.848.653;2026-01-27 19:05:20.636338;;POINT (-6510690.737865519 -4114401.2454625876);33.0;Velez Sarsfield;10.0;2;$
18661269;https://www.argenprop.com/departamento-en-alquiler-en-floresta-2-ambientes--18661269;550000;130000;35.0;1 dorm.;40.0;190.0;images/18661269.jpg;https://www.argenprop.com/static-content/96216681/e2e042a8-23a5-4d5b-bbec-a822c9c47a8c_u_small.jpg;-346.325;-58.485.725;2026-01-27 19:05:20.636338;2026-02-01 20:39:11.272068;POINT (-6510601.1256754305 -4114050.835850847);33.0;Velez Sarsfield;10.0;2;$
18693223;https://www.argenprop.com/departamento-en-alquiler-en-floresta-3-ambientes--18693223;690000;115000;60.0;2 dorm.;40.0;500.0;images/18693223.jpg;https://www.argenprop.com/static-content/32239681/bae869c9-0618-41a8-b50f-c67b5c78ec3c_u_small.jpg;-3.463.565;-58.488.804;2026-01-27 19:05:20.636338;2026-02-01 20:00:02.685960;POINT (-6510943.8783875825 -4114477.0111415638);33.0;Velez Sarsfield;10.0;3;$
18938142;https://www.argenprop.com/departamento-en-alquiler-en-villa-crespo-1-ambiente--18938142;470000;170000;31.0;1 dorm.;21.0;0.0;images/18938142.jpg;https://www.argenprop.com/static-content/24183981/4a9b80e2-9f6b-4f00-b85f-388f7e6b5757_u_small.jpg;-3.459.954;-5.843.058;2026-02-01 19:09:53.120912;;POINT (-6504462.412355634 -4109592.5241473713);35.0;Villa Crespo;15.0;2;$
18926435;https://www.argenprop.com/departamento-en-alquiler-en-villa-crespo-1-ambiente--18926435;600000;0;32.0;0;18.842.105.263.157.800;0.0;images/18926435.jpg;https://proxy.sosiva451.com/proxy/8E25BC383B81189E459AE5FE46BFEEE6F1F84FA4DA7E0EAA9A23B692ADDA2BE2AFEF3B213CAE91436A83CA2A82A8128719476E4CDFFF0F0DD46C443C83A9DA3F4C3DE1151FCDF1A420D258F527CD2FBBEF99740815D5DC7D8B96E5C99111D88B;-3.459.954;-5.843.058;2026-01-27 19:09:48.551713;;POINT (-6504462.412355634 -4109592.5241473713);35.0;Villa Crespo;15.0;1;$
18905295;https://www.argenprop.com/departamento-en-alquiler-en-villa-crespo-1-ambiente--18905295;620000;180000;32.0;0;15.0;1.0;images/18905295.jpg;https://proxy.sosiva451.com/proxy/83FE9124E03A73B54F4DDA9886081412F87BB9D560E66942CC8C8160DF791BF87554D59D20EFBC792DDFD421B6BF5B66C552F4D1074478763DFD3FB3FFFC577A70443E547399ADE457101BF4BE5819841BEEF942E86C1E4D6E5DB92FC4C27318;-3.459.844;-584.316;2026-01-27 19:05:20.636338;;POINT (-6504575.9582362445 -4109443.7639230527);35.0;Villa Crespo;15.0;1;$
18725706;https://www.argenprop.com/departamento-en-alquiler-en-caballito-1-ambiente--18725706;630000;110000;25.0;0;0.0;268.0;images/18725706.jpg;https://www.argenprop.com/static-content/60752781/76c656cc-2fa2-4756-b929-f3b6b9a1832f_u_small.jpg;-3.460.617;-5.844.635;2026-01-27 19:05:20.636338;2026-02-01 20:23:03.532223;POINT (-6506217.920725444 -4110489.1843182095);35.0;Villa Crespo;15.0;1;$
18673233;https://www.argenprop.com/departamento-en-alquiler-en-villa-crespo-1-ambiente--18673233;650000;150000;38.0;0;0.0;50.0;images/18673233.jpg;https://www.argenprop.com/static-content/33237681/6870caa7-7db1-49b8-9d7a-02e13ba0f038_u_small.jpg;-3.460.072;-5.845.182;2026-01-27 19:05:20.636338;2026-02-01 21:51:10.262207;POINT (-6506826.838340084 -4109752.105487434);35.0;Villa Crespo;15.0;1;$
18926259;https://www.argenprop.com/departamento-en-alquiler-en-paternal-2-ambientes--18926259;650000;0;38.0;1 dorm.;27.0;0.0;images/18926259.jpg;https://proxy.sosiva451.com/proxy/2DC249920C6F22EE74DEBC1D9AB21972D401061346BF3CFF4953E56F18B4672E55CACC8C816EB64690CB447B0928BE389FBAC111D2CF45D5D2F5F810F856D05F4BED2117EFBAFFD7854674CF677B219C0E747E36C1145C91952CC3DB4CB31F67917D1860C3527BE058EADBF67A9674A749410CC99DCC861FF5D7544C21FC0F14665305A91777CF854B078D5F33648200467F24EC7657AD38761292F32BDE53DA;-34.602.936;-58.470.192;2026-01-27 19:09:48.115616;;POINT (-6508872.000024938 -4110051.7999617634);38.0;Villa Gral. Mitre;11.0;2;$
18278139;https://www.argenprop.com/departamento-en-alquiler-en-paternal-3-ambientes--18278139;700000;180000;50.0;2 dorm.;40.0;38.0;images/18278139.jpg;https://www.argenprop.com/static-content/93187281/d97792a1-1d0c-4d3f-859b-0e0221f4e785_u_small.jpg;-3.460.323;-58.466.354;2026-01-27 19:05:20.636338;;POINT (-6508444.755819273 -4110091.561472126);38.0;Villa Gral. Mitre;11.0;3;$
18874815;https://www.argenprop.com/departamento-en-alquiler-en-belgrano-r-1-ambiente--18874815;600000;160000;36.0;0;8.0;3480.0;images/18874815.jpg;https://www.argenprop.com/static-content/51847881/a0d86013-88bc-41a2-92c0-8e1bc7c8afb1_u_small.jpg;-3.457.679;-5.847.186;2026-01-27 19:05:20.636338;;POINT (-6509057.680935581 -4106516.293067723);41.0;Villa Ortuzar;15.0;1;$
18783857;https://www.argenprop.com/departamento-en-alquiler-en-villa-del-parque-1-ambiente--18783857;480000;0;45.0;0;15.285.714.285.714.200;300.0;images/18783857.jpg;https://www.argenprop.com/static-content/75838781/15a4002a-1849-4168-acf6-27e781a25c13_u_small.jpg;-3.461.957;-5.848.572;2026-01-27 19:05:20.636338;;POINT (-6510600.569077975 -4112301.6572706234);45.0;Villa Santa Rita;11.0;1;$
